2026-04-29 11:03:57.071 [background-preinit] INFO  [] [] [] [] o.h.validator.internal.util.Version - HV000001: Hibernate Validator 8.0.3.Final
2026-04-29 11:03:57.132 [restartedMain] INFO  [] [] [] [] c.o.s.Chap01SpringStabilityApplication - Starting Chap01SpringStabilityApplication using Java 17.0.18 with PID 25076 (C:\Lecture\10_Logging-Monitoring\module01-spring-stability\build\classes\java\main started by user in C:\Lecture\10_Logging-Monitoring\module01-spring-stability)
2026-04-29 11:03:57.133 [restartedMain] DEBUG [] [] [] [] c.o.s.Chap01SpringStabilityApplication - Running with Spring Boot v3.4.13, Spring v6.2.15
2026-04-29 11:03:57.134 [restartedMain] INFO  [] [] [] [] c.o.s.Chap01SpringStabilityApplication - The following 1 profile is active: "dev"
2026-04-29 11:03:57.190 [restartedMain] INFO  [] [] [] [] o.s.b.d.e.DevToolsPropertyDefaultsPostProcessor - Devtools property defaults active! Set 'spring.devtools.add-properties' to 'false' to disable
2026-04-29 11:03:57.191 [restartedMain] INFO  [] [] [] [] o.s.b.d.e.DevToolsPropertyDefaultsPostProcessor - For additional web related logging consider setting the 'logging.level.web' property to 'DEBUG'
2026-04-29 11:03:58.127 [restartedMain] INFO  [] [] [] [] o.s.d.r.c.RepositoryConfigurationDelegate - Bootstrapping Spring Data JPA repositories in DEFAULT mode.
2026-04-29 11:03:58.239 [restartedMain] INFO  [] [] [] [] o.s.d.r.c.RepositoryConfigurationDelegate - Finished Spring Data repository scanning in 97 ms. Found 4 JPA repository interfaces.
2026-04-29 11:03:59.441 [restartedMain] INFO  [] [] [] [] o.s.b.w.e.tomcat.TomcatWebServer - Tomcat initialized with port 8080 (http)
2026-04-29 11:03:59.457 [restartedMain] INFO  [] [] [] [] o.a.coyote.http11.Http11NioProtocol - Initializing ProtocolHandler ["http-nio-8080"]
2026-04-29 11:03:59.460 [restartedMain] INFO  [] [] [] [] o.a.catalina.core.StandardService - Starting service [Tomcat]
2026-04-29 11:03:59.460 [restartedMain] INFO  [] [] [] [] o.a.catalina.core.StandardEngine - Starting Servlet engine: [Apache Tomcat/10.1.50]
2026-04-29 11:03:59.544 [restartedMain] INFO  [] [] [] [] o.a.c.c.C.[Tomcat].[localhost].[/] - Initializing Spring embedded WebApplicationContext
2026-04-29 11:03:59.546 [restartedMain] INFO  [] [] [] [] o.s.b.w.s.c.ServletWebServerApplicationContext - Root WebApplicationContext: initialization completed in 2354 ms
2026-04-29 11:03:59.640 [restartedMain] DEBUG [] [] [] [] c.o.s.s.l.config.LoggingConfig$1 - Filter 'mdcLoggingFilter' configured for use
2026-04-29 11:03:59.854 [restartedMain] INFO  [] [] [] [] o.h.jpa.internal.util.LogHelper - HHH000204: Processing PersistenceUnitInfo [name: default]
2026-04-29 11:03:59.931 [restartedMain] INFO  [] [] [] [] org.hibernate.Version - HHH000412: Hibernate ORM core version 6.6.39.Final
2026-04-29 11:03:59.976 [restartedMain] INFO  [] [] [] [] o.h.c.i.RegionFactoryInitiator - HHH000026: Second-level cache disabled
2026-04-29 11:04:00.364 [restartedMain] INFO  [] [] [] [] o.s.o.j.p.SpringPersistenceUnitInfo - No LoadTimeWeaver setup: ignoring JPA class transformer
2026-04-29 11:04:00.421 [restartedMain] INFO  [] [] [] [] com.zaxxer.hikari.HikariDataSource - HikariPool-1 - Starting...
2026-04-29 11:04:00.718 [restartedMain] INFO  [] [] [] [] com.zaxxer.hikari.pool.HikariPool - HikariPool-1 - Added connection conn0: url=jdbc:h2:mem:library user=OHGIRAFFERS
2026-04-29 11:04:00.722 [restartedMain] INFO  [] [] [] [] com.zaxxer.hikari.HikariDataSource - HikariPool-1 - Start completed.
2026-04-29 11:04:00.816 [restartedMain] INFO  [] [] [] [] o.hibernate.orm.connections.pooling - HHH10001005: Database info:
	Database JDBC URL [Connecting through datasource 'HikariDataSource (HikariPool-1)']
	Database driver: undefined/unknown
	Database version: 2.3.232
	Autocommit mode: undefined/unknown
	Isolation level: undefined/unknown
	Minimum pool size: undefined/unknown
	Maximum pool size: undefined/unknown
2026-04-29 11:04:02.313 [restartedMain] INFO  [] [] [] [] o.h.e.t.j.p.i.JtaPlatformInitiator - HHH000489: No JTA platform available (set 'hibernate.transaction.jta.platform' to enable JTA platform integration)
2026-04-29 11:04:02.338 [restartedMain] DEBUG [] [] [] [] org.hibernate.SQL - 
    drop table if exists tbl_book cascade 
2026-04-29 11:04:02.344 [restartedMain] DEBUG [] [] [] [] org.hibernate.SQL - 
    drop table if exists tbl_loan cascade 
2026-04-29 11:04:02.345 [restartedMain] DEBUG [] [] [] [] org.hibernate.SQL - 
    drop table if exists tbl_member cascade 
2026-04-29 11:04:02.345 [restartedMain] DEBUG [] [] [] [] org.hibernate.SQL - 
    drop table if exists tbl_review cascade 
2026-04-29 11:04:02.352 [restartedMain] DEBUG [] [] [] [] org.hibernate.SQL - 
    create table tbl_book (
        available boolean not null,
        publish_date date not null,
        stock_quantity integer not null,
        book_id bigint generated by default as identity,
        isbn varchar(13) not null unique,
        author varchar(100) not null,
        publisher varchar(100) not null,
        title varchar(200) not null,
        primary key (book_id)
    )
2026-04-29 11:04:02.380 [restartedMain] DEBUG [] [] [] [] org.hibernate.SQL - 
    create table tbl_loan (
        fine_amount integer,
        overdue_days integer,
        book_id bigint not null,
        due_date timestamp(6) not null,
        loan_date timestamp(6) not null,
        loan_id bigint generated by default as identity,
        member_id bigint not null,
        return_date timestamp(6),
        status enum ('ACTIVE','OVERDUE','RETURNED') not null,
        primary key (loan_id)
    )
2026-04-29 11:04:02.384 [restartedMain] DEBUG [] [] [] [] org.hibernate.SQL - 
    create table tbl_member (
        active boolean not null,
        join_date timestamp(6) not null,
        member_id bigint generated by default as identity,
        phone varchar(20),
        member_name varchar(50) not null,
        email varchar(100) not null unique,
        primary key (member_id)
    )
2026-04-29 11:04:02.389 [restartedMain] DEBUG [] [] [] [] org.hibernate.SQL - 
    create table tbl_review (
        helpful_count integer not null check (helpful_count>=0),
        rating float(53) not null,
        verified_purchase boolean not null,
        book_id bigint not null,
        created_at timestamp(6) not null,
        member_id bigint not null,
        review_id bigint generated by default as identity,
        updated_at timestamp(6),
        title varchar(100) not null,
        content varchar(2000) not null,
        status enum ('ACTIVE','DELETED','HIDDEN') not null,
        primary key (review_id),
        unique (member_id, book_id)
    )
2026-04-29 11:04:02.397 [restartedMain] DEBUG [] [] [] [] org.hibernate.SQL - 
    alter table if exists tbl_loan 
       add constraint FK963g40utp85k5mww691e4ma6g 
       foreign key (book_id) 
       references tbl_book
2026-04-29 11:04:02.415 [restartedMain] DEBUG [] [] [] [] org.hibernate.SQL - 
    alter table if exists tbl_loan 
       add constraint FKqtnm703pqo6mnin10corsjsc 
       foreign key (member_id) 
       references tbl_member
2026-04-29 11:04:02.420 [restartedMain] DEBUG [] [] [] [] org.hibernate.SQL - 
    alter table if exists tbl_review 
       add constraint FK6ykodvsh8wis5tfouaxwi9qbc 
       foreign key (book_id) 
       references tbl_book
2026-04-29 11:04:02.424 [restartedMain] DEBUG [] [] [] [] org.hibernate.SQL - 
    alter table if exists tbl_review 
       add constraint FKcgs2lvcrlf9x3jtif9sskpx0 
       foreign key (member_id) 
       references tbl_member
2026-04-29 11:04:02.432 [restartedMain] INFO  [] [] [] [] o.s.o.j.LocalContainerEntityManagerFactoryBean - Initialized JPA EntityManagerFactory for persistence unit 'default'
2026-04-29 11:04:02.973 [restartedMain] INFO  [] [] [] [] o.s.d.j.r.query.QueryEnhancerFactory - Hibernate is in classpath; If applicable, HQL parser will be used.
2026-04-29 11:04:04.132 [restartedMain] WARN  [] [] [] [] o.s.b.a.o.j.JpaBaseConfiguration$JpaWebConfiguration - spring.jpa.open-in-view is enabled by default. Therefore, database queries may be performed during view rendering. Explicitly configure spring.jpa.open-in-view to disable this warning
2026-04-29 11:04:04.323 [restartedMain] DEBUG [] [] [] [] o.s.w.s.m.m.a.RequestMappingHandlerMapping - 29 mappings in 'requestMappingHandlerMapping'
2026-04-29 11:04:04.549 [restartedMain] DEBUG [] [] [] [] o.s.w.s.h.SimpleUrlHandlerMapping - Patterns [/webjars/**, /**] in 'resourceHandlerMapping'
2026-04-29 11:04:04.616 [restartedMain] DEBUG [] [] [] [] o.s.w.s.m.m.a.RequestMappingHandlerAdapter - ControllerAdvice beans: 0 @ModelAttribute, 0 @InitBinder, 1 RequestBodyAdvice, 1 ResponseBodyAdvice
2026-04-29 11:04:04.714 [restartedMain] DEBUG [] [] [] [] o.s.w.s.m.m.a.ExceptionHandlerExceptionResolver - ControllerAdvice beans: 2 @ExceptionHandler, 1 ResponseBodyAdvice
2026-04-29 11:04:04.871 [restartedMain] INFO  [] [] [] [] o.s.b.a.h.H2ConsoleAutoConfiguration - H2 console available at '/h2-console'. Database available at 'jdbc:h2:mem:library'
2026-04-29 11:04:05.146 [restartedMain] INFO  [] [] [] [] o.s.b.d.a.OptionalLiveReloadServer - LiveReload server is running on port 35729
2026-04-29 11:04:05.174 [restartedMain] INFO  [] [] [] [] o.a.coyote.http11.Http11NioProtocol - Starting ProtocolHandler ["http-nio-8080"]
2026-04-29 11:04:05.197 [restartedMain] INFO  [] [] [] [] o.s.b.w.e.tomcat.TomcatWebServer - Tomcat started on port 8080 (http) with context path '/'
2026-04-29 11:04:05.210 [restartedMain] INFO  [] [] [] [] c.o.s.Chap01SpringStabilityApplication - Started Chap01SpringStabilityApplication in 9.006 seconds (process running for 10.128)
2026-04-29 11:04:43.230 [http-nio-8080-exec-1] INFO  [] [] [] [] o.a.c.c.C.[Tomcat].[localhost].[/] - Initializing Spring DispatcherServlet 'dispatcherServlet'
2026-04-29 11:04:43.231 [http-nio-8080-exec-1] INFO  [] [] [] [] o.s.web.servlet.DispatcherServlet - Initializing Servlet 'dispatcherServlet'
2026-04-29 11:04:43.231 [http-nio-8080-exec-1] DEBUG [] [] [] [] o.s.web.servlet.DispatcherServlet - Detected StandardServletMultipartResolver
2026-04-29 11:04:43.231 [http-nio-8080-exec-1] DEBUG [] [] [] [] o.s.web.servlet.DispatcherServlet - Detected AcceptHeaderLocaleResolver
2026-04-29 11:04:43.232 [http-nio-8080-exec-1] DEBUG [] [] [] [] o.s.web.servlet.DispatcherServlet - Detected FixedThemeResolver
2026-04-29 11:04:43.233 [http-nio-8080-exec-1] DEBUG [] [] [] [] o.s.web.servlet.DispatcherServlet - Detected org.springframework.web.servlet.view.DefaultRequestToViewNameTranslator@582fb64d
2026-04-29 11:04:43.234 [http-nio-8080-exec-1] DEBUG [] [] [] [] o.s.web.servlet.DispatcherServlet - Detected org.springframework.web.servlet.support.SessionFlashMapManager@2c081d35
2026-04-29 11:04:43.235 [http-nio-8080-exec-1] DEBUG [] [] [] [] o.s.web.servlet.DispatcherServlet - enableLoggingRequestDetails='false': request parameters and headers will be masked to prevent unsafe logging of potentially sensitive data
2026-04-29 11:04:43.235 [http-nio-8080-exec-1] INFO  [] [] [] [] o.s.web.servlet.DispatcherServlet - Completed initialization in 4 ms
2026-04-29 11:04:43.254 [http-nio-8080-exec-1] DEBUG [8e826843] [GET] [/main] [0:0:0:0:0:0:0:1] o.s.web.servlet.DispatcherServlet - GET "/main", parameters={}
2026-04-29 11:04:43.270 [http-nio-8080-exec-1] DEBUG [8e826843] [GET] [/main] [0:0:0:0:0:0:0:1] o.s.w.s.h.SimpleUrlHandlerMapping - Mapped to ResourceHttpRequestHandler [classpath [META-INF/resources/], classpath [resources/], classpath [static/], classpath [public/], ServletContext [/]]
2026-04-29 11:04:43.294 [http-nio-8080-exec-1] DEBUG [8e826843] [GET] [/main] [0:0:0:0:0:0:0:1] o.s.w.s.r.ResourceHttpRequestHandler - Resource not found
2026-04-29 11:04:43.302 [http-nio-8080-exec-1] DEBUG [8e826843] [GET] [/main] [0:0:0:0:0:0:0:1] o.s.w.s.m.m.a.ExceptionHandlerExceptionResolver - Using @ExceptionHandler com.ohgiraffers.stability.section01.exception.handler.GlobalExceptionHandler#handleGenericException(Exception, HttpServletRequest)
2026-04-29 11:04:43.304 [http-nio-8080-exec-1] ERROR [8e826843] [GET] [/main] [0:0:0:0:0:0:0:1] c.o.s.s.e.h.GlobalExceptionHandler - [s1][GlobalExceptionHandler] 예상하지 못한 오류 발생
org.springframework.web.servlet.resource.NoResourceFoundException: No static resource main.
	at org.springframework.web.servlet.resource.ResourceHttpRequestHandler.handleRequest(ResourceHttpRequestHandler.java:585)
	at org.springframework.web.servlet.mvc.HttpRequestHandlerAdapter.handle(HttpRequestHandlerAdapter.java:52)
	at org.springframework.web.servlet.DispatcherServlet.doDispatch(DispatcherServlet.java:1089)
	at org.springframework.web.servlet.DispatcherServlet.doService(DispatcherServlet.java:979)
	at org.springframework.web.servlet.FrameworkServlet.processRequest(FrameworkServlet.java:1014)
	at org.springframework.web.servlet.FrameworkServlet.doGet(FrameworkServlet.java:903)
	at jakarta.servlet.http.HttpServlet.service(HttpServlet.java:564)
	at org.springframework.web.servlet.FrameworkServlet.service(FrameworkServlet.java:885)
	at jakarta.servlet.http.HttpServlet.service(HttpServlet.java:658)
	at org.apache.catalina.core.ApplicationFilterChain.internalDoFilter(ApplicationFilterChain.java:193)
	at org.apache.catalina.core.ApplicationFilterChain.doFilter(ApplicationFilterChain.java:138)
	at org.apache.tomcat.websocket.server.WsFilter.doFilter(WsFilter.java:51)
	at org.apache.catalina.core.ApplicationFilterChain.internalDoFilter(ApplicationFilterChain.java:162)
	at org.apache.catalina.core.ApplicationFilterChain.doFilter(ApplicationFilterChain.java:138)
	at com.ohgiraffers.stability.section02.logging.config.LoggingConfig$1.doFilterInternal(LoggingConfig.java:74)
	at org.springframework.web.filter.OncePerRequestFilter.doFilter(OncePerRequestFilter.java:116)
	at org.apache.catalina.core.ApplicationFilterChain.internalDoFilter(ApplicationFilterChain.java:162)
	at org.apache.catalina.core.ApplicationFilterChain.doFilter(ApplicationFilterChain.java:138)
	at org.springframework.web.filter.RequestContextFilter.doFilterInternal(RequestContextFilter.java:100)
	at org.springframework.web.filter.OncePerRequestFilter.doFilter(OncePerRequestFilter.java:116)
	at org.apache.catalina.core.ApplicationFilterChain.internalDoFilter(ApplicationFilterChain.java:162)
	at org.apache.catalina.core.ApplicationFilterChain.doFilter(ApplicationFilterChain.java:138)
	at org.springframework.web.filter.FormContentFilter.doFilterInternal(FormContentFilter.java:93)
	at org.springframework.web.filter.OncePerRequestFilter.doFilter(OncePerRequestFilter.java:116)
	at org.apache.catalina.core.ApplicationFilterChain.internalDoFilter(ApplicationFilterChain.java:162)
	at org.apache.catalina.core.ApplicationFilterChain.doFilter(ApplicationFilterChain.java:138)
	at org.springframework.web.filter.CharacterEncodingFilter.doFilterInternal(CharacterEncodingFilter.java:201)
	at org.springframework.web.filter.OncePerRequestFilter.doFilter(OncePerRequestFilter.java:116)
	at org.apache.catalina.core.ApplicationFilterChain.internalDoFilter(ApplicationFilterChain.java:162)
	at org.apache.catalina.core.ApplicationFilterChain.doFilter(ApplicationFilterChain.java:138)
	at org.apache.catalina.core.StandardWrapperValve.invoke(StandardWrapperValve.java:165)
	at org.apache.catalina.core.StandardContextValve.invoke(StandardContextValve.java:88)
	at org.apache.catalina.authenticator.AuthenticatorBase.invoke(AuthenticatorBase.java:482)
	at org.apache.catalina.core.StandardHostValve.invoke(StandardHostValve.java:113)
	at org.apache.catalina.valves.ErrorReportValve.invoke(ErrorReportValve.java:83)
	at org.apache.catalina.core.StandardEngineValve.invoke(StandardEngineValve.java:72)
	at org.apache.catalina.connector.CoyoteAdapter.service(CoyoteAdapter.java:342)
	at org.apache.coyote.http11.Http11Processor.service(Http11Processor.java:399)
	at org.apache.coyote.AbstractProcessorLight.process(AbstractProcessorLight.java:63)
	at org.apache.coyote.AbstractProtocol$ConnectionHandler.process(AbstractProtocol.java:903)
	at org.apache.tomcat.util.net.NioEndpoint$SocketProcessor.doRun(NioEndpoint.java:1774)
	at org.apache.tomcat.util.net.SocketProcessorBase.run(SocketProcessorBase.java:52)
	at org.apache.tomcat.util.threads.ThreadPoolExecutor.runWorker(ThreadPoolExecutor.java:973)
	at org.apache.tomcat.util.threads.ThreadPoolExecutor$Worker.run(ThreadPoolExecutor.java:491)
	at org.apache.tomcat.util.threads.TaskThread$WrappingRunnable.run(TaskThread.java:63)
	at java.base/java.lang.Thread.run(Thread.java:840)
2026-04-29 11:04:43.438 [http-nio-8080-exec-1] DEBUG [8e826843] [GET] [/main] [0:0:0:0:0:0:0:1] o.s.w.s.m.m.a.HttpEntityMethodProcessor - Using 'application/json;q=0.8', given [text/html, application/xhtml+xml, image/avif, image/webp, image/apng, application/xml;q=0.9, */*;q=0.8, application/signed-exchange;v=b3;q=0.7] and supported [application/json, application/*+json]
2026-04-29 11:04:43.446 [http-nio-8080-exec-1] DEBUG [8e826843] [GET] [/main] [0:0:0:0:0:0:0:1] o.s.w.s.m.m.a.HttpEntityMethodProcessor - Writing [ErrorResponse{errorCode='INTERNAL_SERVER_ERROR', message='서버 내부 오류가 발생했습니다.', timestamp=2026-04-29T1 (truncated)...]
2026-04-29 11:04:43.487 [http-nio-8080-exec-1] WARN  [8e826843] [GET] [/main] [0:0:0:0:0:0:0:1] o.s.w.s.m.m.a.ExceptionHandlerExceptionResolver - Resolved [org.springframework.web.servlet.resource.NoResourceFoundException: No static resource main.]
2026-04-29 11:04:43.491 [http-nio-8080-exec-1] DEBUG [8e826843] [GET] [/main] [0:0:0:0:0:0:0:1] o.s.web.servlet.DispatcherServlet - Completed 500 INTERNAL_SERVER_ERROR
2026-04-29 11:04:43.543 [http-nio-8080-exec-7] DEBUG [6d5f5922] [GET] [/favicon.ico] [0:0:0:0:0:0:0:1] o.s.web.servlet.DispatcherServlet - GET "/favicon.ico", parameters={}
2026-04-29 11:04:43.545 [http-nio-8080-exec-7] DEBUG [6d5f5922] [GET] [/favicon.ico] [0:0:0:0:0:0:0:1] o.s.w.s.h.SimpleUrlHandlerMapping - Mapped to ResourceHttpRequestHandler [classpath [META-INF/resources/], classpath [resources/], classpath [static/], classpath [public/], ServletContext [/]]
2026-04-29 11:04:43.548 [http-nio-8080-exec-7] DEBUG [6d5f5922] [GET] [/favicon.ico] [0:0:0:0:0:0:0:1] o.s.w.s.r.ResourceHttpRequestHandler - Resource not found
2026-04-29 11:04:43.548 [http-nio-8080-exec-7] DEBUG [6d5f5922] [GET] [/favicon.ico] [0:0:0:0:0:0:0:1] o.s.w.s.m.m.a.ExceptionHandlerExceptionResolver - Using @ExceptionHandler com.ohgiraffers.stability.section01.exception.handler.GlobalExceptionHandler#handleGenericException(Exception, HttpServletRequest)
2026-04-29 11:04:43.548 [http-nio-8080-exec-7] ERROR [6d5f5922] [GET] [/favicon.ico] [0:0:0:0:0:0:0:1] c.o.s.s.e.h.GlobalExceptionHandler - [s1][GlobalExceptionHandler] 예상하지 못한 오류 발생
org.springframework.web.servlet.resource.NoResourceFoundException: No static resource favicon.ico.
	at org.springframework.web.servlet.resource.ResourceHttpRequestHandler.handleRequest(ResourceHttpRequestHandler.java:585)
	at org.springframework.web.servlet.mvc.HttpRequestHandlerAdapter.handle(HttpRequestHandlerAdapter.java:52)
	at org.springframework.web.servlet.DispatcherServlet.doDispatch(DispatcherServlet.java:1089)
	at org.springframework.web.servlet.DispatcherServlet.doService(DispatcherServlet.java:979)
	at org.springframework.web.servlet.FrameworkServlet.processRequest(FrameworkServlet.java:1014)
	at org.springframework.web.servlet.FrameworkServlet.doGet(FrameworkServlet.java:903)
	at jakarta.servlet.http.HttpServlet.service(HttpServlet.java:564)
	at org.springframework.web.servlet.FrameworkServlet.service(FrameworkServlet.java:885)
	at jakarta.servlet.http.HttpServlet.service(HttpServlet.java:658)
	at org.apache.catalina.core.ApplicationFilterChain.internalDoFilter(ApplicationFilterChain.java:193)
	at org.apache.catalina.core.ApplicationFilterChain.doFilter(ApplicationFilterChain.java:138)
	at org.apache.tomcat.websocket.server.WsFilter.doFilter(WsFilter.java:51)
	at org.apache.catalina.core.ApplicationFilterChain.internalDoFilter(ApplicationFilterChain.java:162)
	at org.apache.catalina.core.ApplicationFilterChain.doFilter(ApplicationFilterChain.java:138)
	at com.ohgiraffers.stability.section02.logging.config.LoggingConfig$1.doFilterInternal(LoggingConfig.java:74)
	at org.springframework.web.filter.OncePerRequestFilter.doFilter(OncePerRequestFilter.java:116)
	at org.apache.catalina.core.ApplicationFilterChain.internalDoFilter(ApplicationFilterChain.java:162)
	at org.apache.catalina.core.ApplicationFilterChain.doFilter(ApplicationFilterChain.java:138)
	at org.springframework.web.filter.RequestContextFilter.doFilterInternal(RequestContextFilter.java:100)
	at org.springframework.web.filter.OncePerRequestFilter.doFilter(OncePerRequestFilter.java:116)
	at org.apache.catalina.core.ApplicationFilterChain.internalDoFilter(ApplicationFilterChain.java:162)
	at org.apache.catalina.core.ApplicationFilterChain.doFilter(ApplicationFilterChain.java:138)
	at org.springframework.web.filter.FormContentFilter.doFilterInternal(FormContentFilter.java:93)
	at org.springframework.web.filter.OncePerRequestFilter.doFilter(OncePerRequestFilter.java:116)
	at org.apache.catalina.core.ApplicationFilterChain.internalDoFilter(ApplicationFilterChain.java:162)
	at org.apache.catalina.core.ApplicationFilterChain.doFilter(ApplicationFilterChain.java:138)
	at org.springframework.web.filter.CharacterEncodingFilter.doFilterInternal(CharacterEncodingFilter.java:201)
	at org.springframework.web.filter.OncePerRequestFilter.doFilter(OncePerRequestFilter.java:116)
	at org.apache.catalina.core.ApplicationFilterChain.internalDoFilter(ApplicationFilterChain.java:162)
	at org.apache.catalina.core.ApplicationFilterChain.doFilter(ApplicationFilterChain.java:138)
	at org.apache.catalina.core.StandardWrapperValve.invoke(StandardWrapperValve.java:165)
	at org.apache.catalina.core.StandardContextValve.invoke(StandardContextValve.java:88)
	at org.apache.catalina.authenticator.AuthenticatorBase.invoke(AuthenticatorBase.java:482)
	at org.apache.catalina.core.StandardHostValve.invoke(StandardHostValve.java:113)
	at org.apache.catalina.valves.ErrorReportValve.invoke(ErrorReportValve.java:83)
	at org.apache.catalina.core.StandardEngineValve.invoke(StandardEngineValve.java:72)
	at org.apache.catalina.connector.CoyoteAdapter.service(CoyoteAdapter.java:342)
	at org.apache.coyote.http11.Http11Processor.service(Http11Processor.java:399)
	at org.apache.coyote.AbstractProcessorLight.process(AbstractProcessorLight.java:63)
	at org.apache.coyote.AbstractProtocol$ConnectionHandler.process(AbstractProtocol.java:903)
	at org.apache.tomcat.util.net.NioEndpoint$SocketProcessor.doRun(NioEndpoint.java:1774)
	at org.apache.tomcat.util.net.SocketProcessorBase.run(SocketProcessorBase.java:52)
	at org.apache.tomcat.util.threads.ThreadPoolExecutor.runWorker(ThreadPoolExecutor.java:973)
	at org.apache.tomcat.util.threads.ThreadPoolExecutor$Worker.run(ThreadPoolExecutor.java:491)
	at org.apache.tomcat.util.threads.TaskThread$WrappingRunnable.run(TaskThread.java:63)
	at java.base/java.lang.Thread.run(Thread.java:840)
2026-04-29 11:04:43.554 [http-nio-8080-exec-7] DEBUG [6d5f5922] [GET] [/favicon.ico] [0:0:0:0:0:0:0:1] o.s.w.s.m.m.a.HttpEntityMethodProcessor - Using 'application/json;q=0.8', given [image/avif, image/webp, image/apng, image/svg+xml, image/*, */*;q=0.8] and supported [application/json, application/*+json]
2026-04-29 11:04:43.555 [http-nio-8080-exec-7] DEBUG [6d5f5922] [GET] [/favicon.ico] [0:0:0:0:0:0:0:1] o.s.w.s.m.m.a.HttpEntityMethodProcessor - Writing [ErrorResponse{errorCode='INTERNAL_SERVER_ERROR', message='서버 내부 오류가 발생했습니다.', timestamp=2026-04-29T1 (truncated)...]
2026-04-29 11:04:43.561 [http-nio-8080-exec-7] WARN  [6d5f5922] [GET] [/favicon.ico] [0:0:0:0:0:0:0:1] o.s.w.s.m.m.a.ExceptionHandlerExceptionResolver - Resolved [org.springframework.web.servlet.resource.NoResourceFoundException: No static resource favicon.ico.]
2026-04-29 11:04:43.562 [http-nio-8080-exec-7] DEBUG [6d5f5922] [GET] [/favicon.ico] [0:0:0:0:0:0:0:1] o.s.web.servlet.DispatcherServlet - Completed 500 INTERNAL_SERVER_ERROR
2026-04-29 11:04:48.933 [http-nio-8080-exec-6] DEBUG [cc34a717] [GET] [/] [0:0:0:0:0:0:0:1] o.s.web.servlet.DispatcherServlet - GET "/", parameters={}
2026-04-29 11:04:48.936 [http-nio-8080-exec-6] DEBUG [cc34a717] [GET] [/] [0:0:0:0:0:0:0:1] o.s.w.s.h.SimpleUrlHandlerMapping - Mapped to ResourceHttpRequestHandler [classpath [META-INF/resources/], classpath [resources/], classpath [static/], classpath [public/], ServletContext [/]]
2026-04-29 11:04:48.937 [http-nio-8080-exec-6] DEBUG [cc34a717] [GET] [/] [0:0:0:0:0:0:0:1] o.s.w.s.r.ResourceHttpRequestHandler - Resource not found
2026-04-29 11:04:48.939 [http-nio-8080-exec-6] DEBUG [cc34a717] [GET] [/] [0:0:0:0:0:0:0:1] o.s.w.s.m.m.a.ExceptionHandlerExceptionResolver - Using @ExceptionHandler com.ohgiraffers.stability.section01.exception.handler.GlobalExceptionHandler#handleGenericException(Exception, HttpServletRequest)
2026-04-29 11:04:48.939 [http-nio-8080-exec-6] ERROR [cc34a717] [GET] [/] [0:0:0:0:0:0:0:1] c.o.s.s.e.h.GlobalExceptionHandler - [s1][GlobalExceptionHandler] 예상하지 못한 오류 발생
org.springframework.web.servlet.resource.NoResourceFoundException: No static resource .
	at org.springframework.web.servlet.resource.ResourceHttpRequestHandler.handleRequest(ResourceHttpRequestHandler.java:585)
	at org.springframework.web.servlet.mvc.HttpRequestHandlerAdapter.handle(HttpRequestHandlerAdapter.java:52)
	at org.springframework.web.servlet.DispatcherServlet.doDispatch(DispatcherServlet.java:1089)
	at org.springframework.web.servlet.DispatcherServlet.doService(DispatcherServlet.java:979)
	at org.springframework.web.servlet.FrameworkServlet.processRequest(FrameworkServlet.java:1014)
	at org.springframework.web.servlet.FrameworkServlet.doGet(FrameworkServlet.java:903)
	at jakarta.servlet.http.HttpServlet.service(HttpServlet.java:564)
	at org.springframework.web.servlet.FrameworkServlet.service(FrameworkServlet.java:885)
	at jakarta.servlet.http.HttpServlet.service(HttpServlet.java:658)
	at org.apache.catalina.core.ApplicationFilterChain.internalDoFilter(ApplicationFilterChain.java:193)
	at org.apache.catalina.core.ApplicationFilterChain.doFilter(ApplicationFilterChain.java:138)
	at org.apache.tomcat.websocket.server.WsFilter.doFilter(WsFilter.java:51)
	at org.apache.catalina.core.ApplicationFilterChain.internalDoFilter(ApplicationFilterChain.java:162)
	at org.apache.catalina.core.ApplicationFilterChain.doFilter(ApplicationFilterChain.java:138)
	at com.ohgiraffers.stability.section02.logging.config.LoggingConfig$1.doFilterInternal(LoggingConfig.java:74)
	at org.springframework.web.filter.OncePerRequestFilter.doFilter(OncePerRequestFilter.java:116)
	at org.apache.catalina.core.ApplicationFilterChain.internalDoFilter(ApplicationFilterChain.java:162)
	at org.apache.catalina.core.ApplicationFilterChain.doFilter(ApplicationFilterChain.java:138)
	at org.springframework.web.filter.RequestContextFilter.doFilterInternal(RequestContextFilter.java:100)
	at org.springframework.web.filter.OncePerRequestFilter.doFilter(OncePerRequestFilter.java:116)
	at org.apache.catalina.core.ApplicationFilterChain.internalDoFilter(ApplicationFilterChain.java:162)
	at org.apache.catalina.core.ApplicationFilterChain.doFilter(ApplicationFilterChain.java:138)
	at org.springframework.web.filter.FormContentFilter.doFilterInternal(FormContentFilter.java:93)
	at org.springframework.web.filter.OncePerRequestFilter.doFilter(OncePerRequestFilter.java:116)
	at org.apache.catalina.core.ApplicationFilterChain.internalDoFilter(ApplicationFilterChain.java:162)
	at org.apache.catalina.core.ApplicationFilterChain.doFilter(ApplicationFilterChain.java:138)
	at org.springframework.web.filter.CharacterEncodingFilter.doFilterInternal(CharacterEncodingFilter.java:201)
	at org.springframework.web.filter.OncePerRequestFilter.doFilter(OncePerRequestFilter.java:116)
	at org.apache.catalina.core.ApplicationFilterChain.internalDoFilter(ApplicationFilterChain.java:162)
	at org.apache.catalina.core.ApplicationFilterChain.doFilter(ApplicationFilterChain.java:138)
	at org.apache.catalina.core.StandardWrapperValve.invoke(StandardWrapperValve.java:165)
	at org.apache.catalina.core.StandardContextValve.invoke(StandardContextValve.java:88)
	at org.apache.catalina.authenticator.AuthenticatorBase.invoke(AuthenticatorBase.java:482)
	at org.apache.catalina.core.StandardHostValve.invoke(StandardHostValve.java:113)
	at org.apache.catalina.valves.ErrorReportValve.invoke(ErrorReportValve.java:83)
	at org.apache.catalina.core.StandardEngineValve.invoke(StandardEngineValve.java:72)
	at org.apache.catalina.connector.CoyoteAdapter.service(CoyoteAdapter.java:342)
	at org.apache.coyote.http11.Http11Processor.service(Http11Processor.java:399)
	at org.apache.coyote.AbstractProcessorLight.process(AbstractProcessorLight.java:63)
	at org.apache.coyote.AbstractProtocol$ConnectionHandler.process(AbstractProtocol.java:903)
	at org.apache.tomcat.util.net.NioEndpoint$SocketProcessor.doRun(NioEndpoint.java:1774)
	at org.apache.tomcat.util.net.SocketProcessorBase.run(SocketProcessorBase.java:52)
	at org.apache.tomcat.util.threads.ThreadPoolExecutor.runWorker(ThreadPoolExecutor.java:973)
	at org.apache.tomcat.util.threads.ThreadPoolExecutor$Worker.run(ThreadPoolExecutor.java:491)
	at org.apache.tomcat.util.threads.TaskThread$WrappingRunnable.run(TaskThread.java:63)
	at java.base/java.lang.Thread.run(Thread.java:840)
2026-04-29 11:04:48.944 [http-nio-8080-exec-6] DEBUG [cc34a717] [GET] [/] [0:0:0:0:0:0:0:1] o.s.w.s.m.m.a.HttpEntityMethodProcessor - Using 'application/json;q=0.8', given [text/html, application/xhtml+xml, image/avif, image/webp, image/apng, application/xml;q=0.9, */*;q=0.8, application/signed-exchange;v=b3;q=0.7] and supported [application/json, application/*+json]
2026-04-29 11:04:48.945 [http-nio-8080-exec-6] DEBUG [cc34a717] [GET] [/] [0:0:0:0:0:0:0:1] o.s.w.s.m.m.a.HttpEntityMethodProcessor - Writing [ErrorResponse{errorCode='INTERNAL_SERVER_ERROR', message='서버 내부 오류가 발생했습니다.', timestamp=2026-04-29T1 (truncated)...]
2026-04-29 11:04:48.947 [http-nio-8080-exec-6] WARN  [cc34a717] [GET] [/] [0:0:0:0:0:0:0:1] o.s.w.s.m.m.a.ExceptionHandlerExceptionResolver - Resolved [org.springframework.web.servlet.resource.NoResourceFoundException: No static resource .]
2026-04-29 11:04:48.948 [http-nio-8080-exec-6] DEBUG [cc34a717] [GET] [/] [0:0:0:0:0:0:0:1] o.s.web.servlet.DispatcherServlet - Completed 500 INTERNAL_SERVER_ERROR
2026-04-29 11:04:49.003 [http-nio-8080-exec-9] DEBUG [3f0c3b3d] [GET] [/favicon.ico] [0:0:0:0:0:0:0:1] o.s.web.servlet.DispatcherServlet - GET "/favicon.ico", parameters={}
2026-04-29 11:04:49.005 [http-nio-8080-exec-9] DEBUG [3f0c3b3d] [GET] [/favicon.ico] [0:0:0:0:0:0:0:1] o.s.w.s.h.SimpleUrlHandlerMapping - Mapped to ResourceHttpRequestHandler [classpath [META-INF/resources/], classpath [resources/], classpath [static/], classpath [public/], ServletContext [/]]
2026-04-29 11:04:49.010 [http-nio-8080-exec-9] DEBUG [3f0c3b3d] [GET] [/favicon.ico] [0:0:0:0:0:0:0:1] o.s.w.s.r.ResourceHttpRequestHandler - Resource not found
2026-04-29 11:04:49.011 [http-nio-8080-exec-9] DEBUG [3f0c3b3d] [GET] [/favicon.ico] [0:0:0:0:0:0:0:1] o.s.w.s.m.m.a.ExceptionHandlerExceptionResolver - Using @ExceptionHandler com.ohgiraffers.stability.section01.exception.handler.GlobalExceptionHandler#handleGenericException(Exception, HttpServletRequest)
2026-04-29 11:04:49.011 [http-nio-8080-exec-9] ERROR [3f0c3b3d] [GET] [/favicon.ico] [0:0:0:0:0:0:0:1] c.o.s.s.e.h.GlobalExceptionHandler - [s1][GlobalExceptionHandler] 예상하지 못한 오류 발생
org.springframework.web.servlet.resource.NoResourceFoundException: No static resource favicon.ico.
	at org.springframework.web.servlet.resource.ResourceHttpRequestHandler.handleRequest(ResourceHttpRequestHandler.java:585)
	at org.springframework.web.servlet.mvc.HttpRequestHandlerAdapter.handle(HttpRequestHandlerAdapter.java:52)
	at org.springframework.web.servlet.DispatcherServlet.doDispatch(DispatcherServlet.java:1089)
	at org.springframework.web.servlet.DispatcherServlet.doService(DispatcherServlet.java:979)
	at org.springframework.web.servlet.FrameworkServlet.processRequest(FrameworkServlet.java:1014)
	at org.springframework.web.servlet.FrameworkServlet.doGet(FrameworkServlet.java:903)
	at jakarta.servlet.http.HttpServlet.service(HttpServlet.java:564)
	at org.springframework.web.servlet.FrameworkServlet.service(FrameworkServlet.java:885)
	at jakarta.servlet.http.HttpServlet.service(HttpServlet.java:658)
	at org.apache.catalina.core.ApplicationFilterChain.internalDoFilter(ApplicationFilterChain.java:193)
	at org.apache.catalina.core.ApplicationFilterChain.doFilter(ApplicationFilterChain.java:138)
	at org.apache.tomcat.websocket.server.WsFilter.doFilter(WsFilter.java:51)
	at org.apache.catalina.core.ApplicationFilterChain.internalDoFilter(ApplicationFilterChain.java:162)
	at org.apache.catalina.core.ApplicationFilterChain.doFilter(ApplicationFilterChain.java:138)
	at com.ohgiraffers.stability.section02.logging.config.LoggingConfig$1.doFilterInternal(LoggingConfig.java:74)
	at org.springframework.web.filter.OncePerRequestFilter.doFilter(OncePerRequestFilter.java:116)
	at org.apache.catalina.core.ApplicationFilterChain.internalDoFilter(ApplicationFilterChain.java:162)
	at org.apache.catalina.core.ApplicationFilterChain.doFilter(ApplicationFilterChain.java:138)
	at org.springframework.web.filter.RequestContextFilter.doFilterInternal(RequestContextFilter.java:100)
	at org.springframework.web.filter.OncePerRequestFilter.doFilter(OncePerRequestFilter.java:116)
	at org.apache.catalina.core.ApplicationFilterChain.internalDoFilter(ApplicationFilterChain.java:162)
	at org.apache.catalina.core.ApplicationFilterChain.doFilter(ApplicationFilterChain.java:138)
	at org.springframework.web.filter.FormContentFilter.doFilterInternal(FormContentFilter.java:93)
	at org.springframework.web.filter.OncePerRequestFilter.doFilter(OncePerRequestFilter.java:116)
	at org.apache.catalina.core.ApplicationFilterChain.internalDoFilter(ApplicationFilterChain.java:162)
	at org.apache.catalina.core.ApplicationFilterChain.doFilter(ApplicationFilterChain.java:138)
	at org.springframework.web.filter.CharacterEncodingFilter.doFilterInternal(CharacterEncodingFilter.java:201)
	at org.springframework.web.filter.OncePerRequestFilter.doFilter(OncePerRequestFilter.java:116)
	at org.apache.catalina.core.ApplicationFilterChain.internalDoFilter(ApplicationFilterChain.java:162)
	at org.apache.catalina.core.ApplicationFilterChain.doFilter(ApplicationFilterChain.java:138)
	at org.apache.catalina.core.StandardWrapperValve.invoke(StandardWrapperValve.java:165)
	at org.apache.catalina.core.StandardContextValve.invoke(StandardContextValve.java:88)
	at org.apache.catalina.authenticator.AuthenticatorBase.invoke(AuthenticatorBase.java:482)
	at org.apache.catalina.core.StandardHostValve.invoke(StandardHostValve.java:113)
	at org.apache.catalina.valves.ErrorReportValve.invoke(ErrorReportValve.java:83)
	at org.apache.catalina.core.StandardEngineValve.invoke(StandardEngineValve.java:72)
	at org.apache.catalina.connector.CoyoteAdapter.service(CoyoteAdapter.java:342)
	at org.apache.coyote.http11.Http11Processor.service(Http11Processor.java:399)
	at org.apache.coyote.AbstractProcessorLight.process(AbstractProcessorLight.java:63)
	at org.apache.coyote.AbstractProtocol$ConnectionHandler.process(AbstractProtocol.java:903)
	at org.apache.tomcat.util.net.NioEndpoint$SocketProcessor.doRun(NioEndpoint.java:1774)
	at org.apache.tomcat.util.net.SocketProcessorBase.run(SocketProcessorBase.java:52)
	at org.apache.tomcat.util.threads.ThreadPoolExecutor.runWorker(ThreadPoolExecutor.java:973)
	at org.apache.tomcat.util.threads.ThreadPoolExecutor$Worker.run(ThreadPoolExecutor.java:491)
	at org.apache.tomcat.util.threads.TaskThread$WrappingRunnable.run(TaskThread.java:63)
	at java.base/java.lang.Thread.run(Thread.java:840)
2026-04-29 11:04:49.014 [http-nio-8080-exec-9] DEBUG [3f0c3b3d] [GET] [/favicon.ico] [0:0:0:0:0:0:0:1] o.s.w.s.m.m.a.HttpEntityMethodProcessor - Using 'application/json;q=0.8', given [image/avif, image/webp, image/apng, image/svg+xml, image/*, */*;q=0.8] and supported [application/json, application/*+json]
2026-04-29 11:04:49.014 [http-nio-8080-exec-9] DEBUG [3f0c3b3d] [GET] [/favicon.ico] [0:0:0:0:0:0:0:1] o.s.w.s.m.m.a.HttpEntityMethodProcessor - Writing [ErrorResponse{errorCode='INTERNAL_SERVER_ERROR', message='서버 내부 오류가 발생했습니다.', timestamp=2026-04-29T1 (truncated)...]
2026-04-29 11:04:49.015 [http-nio-8080-exec-9] WARN  [3f0c3b3d] [GET] [/favicon.ico] [0:0:0:0:0:0:0:1] o.s.w.s.m.m.a.ExceptionHandlerExceptionResolver - Resolved [org.springframework.web.servlet.resource.NoResourceFoundException: No static resource favicon.ico.]
2026-04-29 11:04:49.016 [http-nio-8080-exec-9] DEBUG [3f0c3b3d] [GET] [/favicon.ico] [0:0:0:0:0:0:0:1] o.s.web.servlet.DispatcherServlet - Completed 500 INTERNAL_SERVER_ERROR
2026-04-29 11:06:56.763 [http-nio-8080-exec-10] DEBUG [39f6e67a] [GET] [/favicon.ico] [0:0:0:0:0:0:0:1] o.s.web.servlet.DispatcherServlet - GET "/favicon.ico", parameters={}
2026-04-29 11:06:56.767 [http-nio-8080-exec-10] DEBUG [39f6e67a] [GET] [/favicon.ico] [0:0:0:0:0:0:0:1] o.s.w.s.h.SimpleUrlHandlerMapping - Mapped to ResourceHttpRequestHandler [classpath [META-INF/resources/], classpath [resources/], classpath [static/], classpath [public/], ServletContext [/]]
2026-04-29 11:06:56.771 [http-nio-8080-exec-10] DEBUG [39f6e67a] [GET] [/favicon.ico] [0:0:0:0:0:0:0:1] o.s.w.s.r.ResourceHttpRequestHandler - Resource not found
2026-04-29 11:06:56.772 [http-nio-8080-exec-10] DEBUG [39f6e67a] [GET] [/favicon.ico] [0:0:0:0:0:0:0:1] o.s.w.s.m.m.a.ExceptionHandlerExceptionResolver - Using @ExceptionHandler com.ohgiraffers.stability.section01.exception.handler.GlobalExceptionHandler#handleGenericException(Exception, HttpServletRequest)
2026-04-29 11:06:56.773 [http-nio-8080-exec-10] ERROR [39f6e67a] [GET] [/favicon.ico] [0:0:0:0:0:0:0:1] c.o.s.s.e.h.GlobalExceptionHandler - [s1][GlobalExceptionHandler] 예상하지 못한 오류 발생
org.springframework.web.servlet.resource.NoResourceFoundException: No static resource favicon.ico.
	at org.springframework.web.servlet.resource.ResourceHttpRequestHandler.handleRequest(ResourceHttpRequestHandler.java:585)
	at org.springframework.web.servlet.mvc.HttpRequestHandlerAdapter.handle(HttpRequestHandlerAdapter.java:52)
	at org.springframework.web.servlet.DispatcherServlet.doDispatch(DispatcherServlet.java:1089)
	at org.springframework.web.servlet.DispatcherServlet.doService(DispatcherServlet.java:979)
	at org.springframework.web.servlet.FrameworkServlet.processRequest(FrameworkServlet.java:1014)
	at org.springframework.web.servlet.FrameworkServlet.doGet(FrameworkServlet.java:903)
	at jakarta.servlet.http.HttpServlet.service(HttpServlet.java:564)
	at org.springframework.web.servlet.FrameworkServlet.service(FrameworkServlet.java:885)
	at jakarta.servlet.http.HttpServlet.service(HttpServlet.java:658)
	at org.apache.catalina.core.ApplicationFilterChain.internalDoFilter(ApplicationFilterChain.java:193)
	at org.apache.catalina.core.ApplicationFilterChain.doFilter(ApplicationFilterChain.java:138)
	at org.apache.tomcat.websocket.server.WsFilter.doFilter(WsFilter.java:51)
	at org.apache.catalina.core.ApplicationFilterChain.internalDoFilter(ApplicationFilterChain.java:162)
	at org.apache.catalina.core.ApplicationFilterChain.doFilter(ApplicationFilterChain.java:138)
	at com.ohgiraffers.stability.section02.logging.config.LoggingConfig$1.doFilterInternal(LoggingConfig.java:74)
	at org.springframework.web.filter.OncePerRequestFilter.doFilter(OncePerRequestFilter.java:116)
	at org.apache.catalina.core.ApplicationFilterChain.internalDoFilter(ApplicationFilterChain.java:162)
	at org.apache.catalina.core.ApplicationFilterChain.doFilter(ApplicationFilterChain.java:138)
	at org.springframework.web.filter.RequestContextFilter.doFilterInternal(RequestContextFilter.java:100)
	at org.springframework.web.filter.OncePerRequestFilter.doFilter(OncePerRequestFilter.java:116)
	at org.apache.catalina.core.ApplicationFilterChain.internalDoFilter(ApplicationFilterChain.java:162)
	at org.apache.catalina.core.ApplicationFilterChain.doFilter(ApplicationFilterChain.java:138)
	at org.springframework.web.filter.FormContentFilter.doFilterInternal(FormContentFilter.java:93)
	at org.springframework.web.filter.OncePerRequestFilter.doFilter(OncePerRequestFilter.java:116)
	at org.apache.catalina.core.ApplicationFilterChain.internalDoFilter(ApplicationFilterChain.java:162)
	at org.apache.catalina.core.ApplicationFilterChain.doFilter(ApplicationFilterChain.java:138)
	at org.springframework.web.filter.CharacterEncodingFilter.doFilterInternal(CharacterEncodingFilter.java:201)
	at org.springframework.web.filter.OncePerRequestFilter.doFilter(OncePerRequestFilter.java:116)
	at org.apache.catalina.core.ApplicationFilterChain.internalDoFilter(ApplicationFilterChain.java:162)
	at org.apache.catalina.core.ApplicationFilterChain.doFilter(ApplicationFilterChain.java:138)
	at org.apache.catalina.core.StandardWrapperValve.invoke(StandardWrapperValve.java:165)
	at org.apache.catalina.core.StandardContextValve.invoke(StandardContextValve.java:88)
	at org.apache.catalina.authenticator.AuthenticatorBase.invoke(AuthenticatorBase.java:482)
	at org.apache.catalina.core.StandardHostValve.invoke(StandardHostValve.java:113)
	at org.apache.catalina.valves.ErrorReportValve.invoke(ErrorReportValve.java:83)
	at org.apache.catalina.core.StandardEngineValve.invoke(StandardEngineValve.java:72)
	at org.apache.catalina.connector.CoyoteAdapter.service(CoyoteAdapter.java:342)
	at org.apache.coyote.http11.Http11Processor.service(Http11Processor.java:399)
	at org.apache.coyote.AbstractProcessorLight.process(AbstractProcessorLight.java:63)
	at org.apache.coyote.AbstractProtocol$ConnectionHandler.process(AbstractProtocol.java:903)
	at org.apache.tomcat.util.net.NioEndpoint$SocketProcessor.doRun(NioEndpoint.java:1774)
	at org.apache.tomcat.util.net.SocketProcessorBase.run(SocketProcessorBase.java:52)
	at org.apache.tomcat.util.threads.ThreadPoolExecutor.runWorker(ThreadPoolExecutor.java:973)
	at org.apache.tomcat.util.threads.ThreadPoolExecutor$Worker.run(ThreadPoolExecutor.java:491)
	at org.apache.tomcat.util.threads.TaskThread$WrappingRunnable.run(TaskThread.java:63)
	at java.base/java.lang.Thread.run(Thread.java:840)
2026-04-29 11:06:56.776 [http-nio-8080-exec-10] DEBUG [39f6e67a] [GET] [/favicon.ico] [0:0:0:0:0:0:0:1] o.s.w.s.m.m.a.HttpEntityMethodProcessor - Using 'application/json;q=0.8', given [image/avif, image/webp, image/apng, image/svg+xml, image/*, */*;q=0.8] and supported [application/json, application/*+json]
2026-04-29 11:06:56.776 [http-nio-8080-exec-10] DEBUG [39f6e67a] [GET] [/favicon.ico] [0:0:0:0:0:0:0:1] o.s.w.s.m.m.a.HttpEntityMethodProcessor - Writing [ErrorResponse{errorCode='INTERNAL_SERVER_ERROR', message='서버 내부 오류가 발생했습니다.', timestamp=2026-04-29T1 (truncated)...]
2026-04-29 11:06:56.777 [http-nio-8080-exec-10] WARN  [39f6e67a] [GET] [/favicon.ico] [0:0:0:0:0:0:0:1] o.s.w.s.m.m.a.ExceptionHandlerExceptionResolver - Resolved [org.springframework.web.servlet.resource.NoResourceFoundException: No static resource favicon.ico.]
2026-04-29 11:06:56.778 [http-nio-8080-exec-10] DEBUG [39f6e67a] [GET] [/favicon.ico] [0:0:0:0:0:0:0:1] o.s.web.servlet.DispatcherServlet - Completed 500 INTERNAL_SERVER_ERROR
2026-04-29 11:07:49.025 [http-nio-8080-exec-1] DEBUG [366fbdc7] [GET] [/favicon.ico] [0:0:0:0:0:0:0:1] o.s.web.servlet.DispatcherServlet - GET "/favicon.ico", parameters={}
2026-04-29 11:07:49.027 [http-nio-8080-exec-1] DEBUG [366fbdc7] [GET] [/favicon.ico] [0:0:0:0:0:0:0:1] o.s.w.s.h.SimpleUrlHandlerMapping - Mapped to ResourceHttpRequestHandler [classpath [META-INF/resources/], classpath [resources/], classpath [static/], classpath [public/], ServletContext [/]]
2026-04-29 11:07:49.033 [http-nio-8080-exec-1] DEBUG [366fbdc7] [GET] [/favicon.ico] [0:0:0:0:0:0:0:1] o.s.w.s.r.ResourceHttpRequestHandler - Resource not found
2026-04-29 11:07:49.033 [http-nio-8080-exec-1] DEBUG [366fbdc7] [GET] [/favicon.ico] [0:0:0:0:0:0:0:1] o.s.w.s.m.m.a.ExceptionHandlerExceptionResolver - Using @ExceptionHandler com.ohgiraffers.stability.section01.exception.handler.GlobalExceptionHandler#handleGenericException(Exception, HttpServletRequest)
2026-04-29 11:07:49.034 [http-nio-8080-exec-1] ERROR [366fbdc7] [GET] [/favicon.ico] [0:0:0:0:0:0:0:1] c.o.s.s.e.h.GlobalExceptionHandler - [s1][GlobalExceptionHandler] 예상하지 못한 오류 발생
org.springframework.web.servlet.resource.NoResourceFoundException: No static resource favicon.ico.
	at org.springframework.web.servlet.resource.ResourceHttpRequestHandler.handleRequest(ResourceHttpRequestHandler.java:585)
	at org.springframework.web.servlet.mvc.HttpRequestHandlerAdapter.handle(HttpRequestHandlerAdapter.java:52)
	at org.springframework.web.servlet.DispatcherServlet.doDispatch(DispatcherServlet.java:1089)
	at org.springframework.web.servlet.DispatcherServlet.doService(DispatcherServlet.java:979)
	at org.springframework.web.servlet.FrameworkServlet.processRequest(FrameworkServlet.java:1014)
	at org.springframework.web.servlet.FrameworkServlet.doGet(FrameworkServlet.java:903)
	at jakarta.servlet.http.HttpServlet.service(HttpServlet.java:564)
	at org.springframework.web.servlet.FrameworkServlet.service(FrameworkServlet.java:885)
	at jakarta.servlet.http.HttpServlet.service(HttpServlet.java:658)
	at org.apache.catalina.core.ApplicationFilterChain.internalDoFilter(ApplicationFilterChain.java:193)
	at org.apache.catalina.core.ApplicationFilterChain.doFilter(ApplicationFilterChain.java:138)
	at org.apache.tomcat.websocket.server.WsFilter.doFilter(WsFilter.java:51)
	at org.apache.catalina.core.ApplicationFilterChain.internalDoFilter(ApplicationFilterChain.java:162)
	at org.apache.catalina.core.ApplicationFilterChain.doFilter(ApplicationFilterChain.java:138)
	at com.ohgiraffers.stability.section02.logging.config.LoggingConfig$1.doFilterInternal(LoggingConfig.java:74)
	at org.springframework.web.filter.OncePerRequestFilter.doFilter(OncePerRequestFilter.java:116)
	at org.apache.catalina.core.ApplicationFilterChain.internalDoFilter(ApplicationFilterChain.java:162)
	at org.apache.catalina.core.ApplicationFilterChain.doFilter(ApplicationFilterChain.java:138)
	at org.springframework.web.filter.RequestContextFilter.doFilterInternal(RequestContextFilter.java:100)
	at org.springframework.web.filter.OncePerRequestFilter.doFilter(OncePerRequestFilter.java:116)
	at org.apache.catalina.core.ApplicationFilterChain.internalDoFilter(ApplicationFilterChain.java:162)
	at org.apache.catalina.core.ApplicationFilterChain.doFilter(ApplicationFilterChain.java:138)
	at org.springframework.web.filter.FormContentFilter.doFilterInternal(FormContentFilter.java:93)
	at org.springframework.web.filter.OncePerRequestFilter.doFilter(OncePerRequestFilter.java:116)
	at org.apache.catalina.core.ApplicationFilterChain.internalDoFilter(ApplicationFilterChain.java:162)
	at org.apache.catalina.core.ApplicationFilterChain.doFilter(ApplicationFilterChain.java:138)
	at org.springframework.web.filter.CharacterEncodingFilter.doFilterInternal(CharacterEncodingFilter.java:201)
	at org.springframework.web.filter.OncePerRequestFilter.doFilter(OncePerRequestFilter.java:116)
	at org.apache.catalina.core.ApplicationFilterChain.internalDoFilter(ApplicationFilterChain.java:162)
	at org.apache.catalina.core.ApplicationFilterChain.doFilter(ApplicationFilterChain.java:138)
	at org.apache.catalina.core.StandardWrapperValve.invoke(StandardWrapperValve.java:165)
	at org.apache.catalina.core.StandardContextValve.invoke(StandardContextValve.java:88)
	at org.apache.catalina.authenticator.AuthenticatorBase.invoke(AuthenticatorBase.java:482)
	at org.apache.catalina.core.StandardHostValve.invoke(StandardHostValve.java:113)
	at org.apache.catalina.valves.ErrorReportValve.invoke(ErrorReportValve.java:83)
	at org.apache.catalina.core.StandardEngineValve.invoke(StandardEngineValve.java:72)
	at org.apache.catalina.connector.CoyoteAdapter.service(CoyoteAdapter.java:342)
	at org.apache.coyote.http11.Http11Processor.service(Http11Processor.java:399)
	at org.apache.coyote.AbstractProcessorLight.process(AbstractProcessorLight.java:63)
	at org.apache.coyote.AbstractProtocol$ConnectionHandler.process(AbstractProtocol.java:903)
	at org.apache.tomcat.util.net.NioEndpoint$SocketProcessor.doRun(NioEndpoint.java:1774)
	at org.apache.tomcat.util.net.SocketProcessorBase.run(SocketProcessorBase.java:52)
	at org.apache.tomcat.util.threads.ThreadPoolExecutor.runWorker(ThreadPoolExecutor.java:973)
	at org.apache.tomcat.util.threads.ThreadPoolExecutor$Worker.run(ThreadPoolExecutor.java:491)
	at org.apache.tomcat.util.threads.TaskThread$WrappingRunnable.run(TaskThread.java:63)
	at java.base/java.lang.Thread.run(Thread.java:840)
2026-04-29 11:07:49.036 [http-nio-8080-exec-1] DEBUG [366fbdc7] [GET] [/favicon.ico] [0:0:0:0:0:0:0:1] o.s.w.s.m.m.a.HttpEntityMethodProcessor - Using 'application/json;q=0.8', given [image/avif, image/webp, image/apng, image/svg+xml, image/*, */*;q=0.8] and supported [application/json, application/*+json]
2026-04-29 11:07:49.036 [http-nio-8080-exec-1] DEBUG [366fbdc7] [GET] [/favicon.ico] [0:0:0:0:0:0:0:1] o.s.w.s.m.m.a.HttpEntityMethodProcessor - Writing [ErrorResponse{errorCode='INTERNAL_SERVER_ERROR', message='서버 내부 오류가 발생했습니다.', timestamp=2026-04-29T1 (truncated)...]
2026-04-29 11:07:49.038 [http-nio-8080-exec-1] WARN  [366fbdc7] [GET] [/favicon.ico] [0:0:0:0:0:0:0:1] o.s.w.s.m.m.a.ExceptionHandlerExceptionResolver - Resolved [org.springframework.web.servlet.resource.NoResourceFoundException: No static resource favicon.ico.]
2026-04-29 11:07:49.039 [http-nio-8080-exec-1] DEBUG [366fbdc7] [GET] [/favicon.ico] [0:0:0:0:0:0:0:1] o.s.web.servlet.DispatcherServlet - Completed 500 INTERNAL_SERVER_ERROR
2026-04-29 11:37:06.053 [HikariPool-1 housekeeper] WARN  [] [] [] [] com.zaxxer.hikari.pool.HikariPool - HikariPool-1 - Thread starvation or clock leap detected (housekeeper delta=15m4s969ms785µs200ns).
2026-04-29 11:51:53.311 [File Watcher] INFO  [] [] [] [] o.s.b.d.a.LocalDevToolsAutoConfiguration$RestartingClassPathChangeChangedEventListener - Restarting due to 2 class path changes (0 additions, 0 deletions, 2 modifications)
2026-04-29 11:51:53.320 [Thread-5] INFO  [] [] [] [] o.s.b.w.e.tomcat.GracefulShutdown - Commencing graceful shutdown. Waiting for active requests to complete
2026-04-29 11:51:53.322 [tomcat-shutdown] INFO  [] [] [] [] o.a.coyote.http11.Http11NioProtocol - Pausing ProtocolHandler ["http-nio-8080"]
2026-04-29 11:51:53.828 [tomcat-shutdown] INFO  [] [] [] [] o.s.b.w.e.tomcat.GracefulShutdown - Graceful shutdown complete
2026-04-29 11:51:53.829 [Thread-5] INFO  [] [] [] [] o.a.coyote.http11.Http11NioProtocol - Stopping ProtocolHandler ["http-nio-8080"]
2026-04-29 11:51:53.837 [Thread-5] INFO  [] [] [] [] o.s.o.j.LocalContainerEntityManagerFactoryBean - Closing JPA EntityManagerFactory for persistence unit 'default'
2026-04-29 11:51:53.839 [Thread-5] DEBUG [] [] [] [] org.hibernate.SQL - 
    drop table if exists tbl_book cascade 
2026-04-29 11:51:53.846 [Thread-5] DEBUG [] [] [] [] org.hibernate.SQL - 
    drop table if exists tbl_loan cascade 
2026-04-29 11:51:53.848 [Thread-5] DEBUG [] [] [] [] org.hibernate.SQL - 
    drop table if exists tbl_member cascade 
2026-04-29 11:51:53.849 [Thread-5] DEBUG [] [] [] [] org.hibernate.SQL - 
    drop table if exists tbl_review cascade 
2026-04-29 11:51:53.866 [Thread-5] WARN  [] [] [] [] o.s.b.f.s.DisposableBeanAdapter - Invocation of destroy method failed on bean with name 'inMemoryDatabaseShutdownExecutor': org.h2.jdbc.JdbcSQLNonTransientConnectionException: Database is already closed (to disable automatic closing at VM shutdown, add ";DB_CLOSE_ON_EXIT=FALSE" to the db URL) [90121-232]
2026-04-29 11:51:53.867 [Thread-5] INFO  [] [] [] [] com.zaxxer.hikari.HikariDataSource - HikariPool-1 - Shutdown initiated...
2026-04-29 11:51:53.871 [Thread-5] INFO  [] [] [] [] com.zaxxer.hikari.HikariDataSource - HikariPool-1 - Shutdown completed.
2026-04-29 11:51:54.109 [restartedMain] INFO  [] [] [] [] c.o.s.Chap01SpringStabilityApplication - Starting Chap01SpringStabilityApplication using Java 17.0.18 with PID 25076 (C:\Lecture\10_Logging-Monitoring\module01-spring-stability\build\classes\java\main started by user in C:\Lecture\10_Logging-Monitoring\module01-spring-stability)
2026-04-29 11:51:54.110 [restartedMain] DEBUG [] [] [] [] c.o.s.Chap01SpringStabilityApplication - Running with Spring Boot v3.4.13, Spring v6.2.15
2026-04-29 11:51:54.110 [restartedMain] INFO  [] [] [] [] c.o.s.Chap01SpringStabilityApplication - The following 1 profile is active: "dev"
2026-04-29 11:51:54.642 [restartedMain] INFO  [] [] [] [] o.s.d.r.c.RepositoryConfigurationDelegate - Bootstrapping Spring Data JPA repositories in DEFAULT mode.
2026-04-29 11:51:54.709 [restartedMain] INFO  [] [] [] [] o.s.d.r.c.RepositoryConfigurationDelegate - Finished Spring Data repository scanning in 64 ms. Found 4 JPA repository interfaces.
2026-04-29 11:51:55.060 [restartedMain] INFO  [] [] [] [] o.s.b.w.e.tomcat.TomcatWebServer - Tomcat initialized with port 8080 (http)
2026-04-29 11:51:55.062 [restartedMain] INFO  [] [] [] [] o.a.coyote.http11.Http11NioProtocol - Initializing ProtocolHandler ["http-nio-8080"]
2026-04-29 11:51:55.062 [restartedMain] INFO  [] [] [] [] o.a.catalina.core.StandardService - Starting service [Tomcat]
2026-04-29 11:51:55.063 [restartedMain] INFO  [] [] [] [] o.a.catalina.core.StandardEngine - Starting Servlet engine: [Apache Tomcat/10.1.50]
2026-04-29 11:51:55.092 [restartedMain] INFO  [] [] [] [] o.a.c.c.C.[Tomcat].[localhost].[/] - Initializing Spring embedded WebApplicationContext
2026-04-29 11:51:55.092 [restartedMain] INFO  [] [] [] [] o.s.b.w.s.c.ServletWebServerApplicationContext - Root WebApplicationContext: initialization completed in 975 ms
2026-04-29 11:51:55.130 [restartedMain] DEBUG [] [] [] [] c.o.s.s.l.config.LoggingConfig$1 - Filter 'mdcLoggingFilter' configured for use
2026-04-29 11:51:55.232 [restartedMain] INFO  [] [] [] [] o.h.jpa.internal.util.LogHelper - HHH000204: Processing PersistenceUnitInfo [name: default]
2026-04-29 11:51:55.241 [restartedMain] INFO  [] [] [] [] o.h.c.i.RegionFactoryInitiator - HHH000026: Second-level cache disabled
2026-04-29 11:51:55.266 [restartedMain] INFO  [] [] [] [] o.s.o.j.p.SpringPersistenceUnitInfo - No LoadTimeWeaver setup: ignoring JPA class transformer
2026-04-29 11:51:55.269 [restartedMain] INFO  [] [] [] [] com.zaxxer.hikari.HikariDataSource - HikariPool-2 - Starting...
2026-04-29 11:51:55.272 [restartedMain] INFO  [] [] [] [] com.zaxxer.hikari.pool.HikariPool - HikariPool-2 - Added connection conn21: url=jdbc:h2:mem:library user=OHGIRAFFERS
2026-04-29 11:51:55.272 [restartedMain] INFO  [] [] [] [] com.zaxxer.hikari.HikariDataSource - HikariPool-2 - Start completed.
2026-04-29 11:51:55.275 [restartedMain] INFO  [] [] [] [] o.hibernate.orm.connections.pooling - HHH10001005: Database info:
	Database JDBC URL [Connecting through datasource 'HikariDataSource (HikariPool-2)']
	Database driver: undefined/unknown
	Database version: 2.3.232
	Autocommit mode: undefined/unknown
	Isolation level: undefined/unknown
	Minimum pool size: undefined/unknown
	Maximum pool size: undefined/unknown
2026-04-29 11:51:55.538 [restartedMain] INFO  [] [] [] [] o.h.e.t.j.p.i.JtaPlatformInitiator - HHH000489: No JTA platform available (set 'hibernate.transaction.jta.platform' to enable JTA platform integration)
2026-04-29 11:51:55.540 [restartedMain] DEBUG [] [] [] [] org.hibernate.SQL - 
    drop table if exists tbl_book cascade 
2026-04-29 11:51:55.541 [restartedMain] DEBUG [] [] [] [] org.hibernate.SQL - 
    drop table if exists tbl_loan cascade 
2026-04-29 11:51:55.542 [restartedMain] DEBUG [] [] [] [] org.hibernate.SQL - 
    drop table if exists tbl_member cascade 
2026-04-29 11:51:55.543 [restartedMain] DEBUG [] [] [] [] org.hibernate.SQL - 
    drop table if exists tbl_review cascade 
2026-04-29 11:51:55.544 [restartedMain] DEBUG [] [] [] [] org.hibernate.SQL - 
    create table tbl_book (
        available boolean not null,
        publish_date date not null,
        stock_quantity integer not null,
        book_id bigint generated by default as identity,
        isbn varchar(13) not null unique,
        author varchar(100) not null,
        publisher varchar(100) not null,
        title varchar(200) not null,
        primary key (book_id)
    )
2026-04-29 11:51:55.548 [restartedMain] DEBUG [] [] [] [] org.hibernate.SQL - 
    create table tbl_loan (
        fine_amount integer,
        overdue_days integer,
        book_id bigint not null,
        due_date timestamp(6) not null,
        loan_date timestamp(6) not null,
        loan_id bigint generated by default as identity,
        member_id bigint not null,
        return_date timestamp(6),
        status enum ('ACTIVE','OVERDUE','RETURNED') not null,
        primary key (loan_id)
    )
2026-04-29 11:51:55.551 [restartedMain] DEBUG [] [] [] [] org.hibernate.SQL - 
    create table tbl_member (
        active boolean not null,
        join_date timestamp(6) not null,
        member_id bigint generated by default as identity,
        phone varchar(20),
        member_name varchar(50) not null,
        email varchar(100) not null unique,
        primary key (member_id)
    )
2026-04-29 11:51:55.554 [restartedMain] DEBUG [] [] [] [] org.hibernate.SQL - 
    create table tbl_review (
        helpful_count integer not null check (helpful_count>=0),
        rating float(53) not null,
        verified_purchase boolean not null,
        book_id bigint not null,
        created_at timestamp(6) not null,
        member_id bigint not null,
        review_id bigint generated by default as identity,
        updated_at timestamp(6),
        title varchar(100) not null,
        content varchar(2000) not null,
        status enum ('ACTIVE','DELETED','HIDDEN') not null,
        primary key (review_id),
        unique (member_id, book_id)
    )
2026-04-29 11:51:55.556 [restartedMain] DEBUG [] [] [] [] org.hibernate.SQL - 
    alter table if exists tbl_loan 
       add constraint FK963g40utp85k5mww691e4ma6g 
       foreign key (book_id) 
       references tbl_book
2026-04-29 11:51:55.559 [restartedMain] DEBUG [] [] [] [] org.hibernate.SQL - 
    alter table if exists tbl_loan 
       add constraint FKqtnm703pqo6mnin10corsjsc 
       foreign key (member_id) 
       references tbl_member
2026-04-29 11:51:55.563 [restartedMain] DEBUG [] [] [] [] org.hibernate.SQL - 
    alter table if exists tbl_review 
       add constraint FK6ykodvsh8wis5tfouaxwi9qbc 
       foreign key (book_id) 
       references tbl_book
2026-04-29 11:51:55.567 [restartedMain] DEBUG [] [] [] [] org.hibernate.SQL - 
    alter table if exists tbl_review 
       add constraint FKcgs2lvcrlf9x3jtif9sskpx0 
       foreign key (member_id) 
       references tbl_member
2026-04-29 11:51:55.571 [restartedMain] INFO  [] [] [] [] o.s.o.j.LocalContainerEntityManagerFactoryBean - Initialized JPA EntityManagerFactory for persistence unit 'default'
2026-04-29 11:51:56.369 [restartedMain] WARN  [] [] [] [] o.s.b.a.o.j.JpaBaseConfiguration$JpaWebConfiguration - spring.jpa.open-in-view is enabled by default. Therefore, database queries may be performed during view rendering. Explicitly configure spring.jpa.open-in-view to disable this warning
2026-04-29 11:51:56.520 [restartedMain] DEBUG [] [] [] [] o.s.w.s.m.m.a.RequestMappingHandlerMapping - 29 mappings in 'requestMappingHandlerMapping'
2026-04-29 11:51:56.765 [restartedMain] DEBUG [] [] [] [] o.s.w.s.h.SimpleUrlHandlerMapping - Patterns [/webjars/**, /**] in 'resourceHandlerMapping'
2026-04-29 11:51:56.810 [restartedMain] DEBUG [] [] [] [] o.s.w.s.m.m.a.RequestMappingHandlerAdapter - ControllerAdvice beans: 0 @ModelAttribute, 0 @InitBinder, 1 RequestBodyAdvice, 1 ResponseBodyAdvice
2026-04-29 11:51:56.862 [restartedMain] DEBUG [] [] [] [] o.s.w.s.m.m.a.ExceptionHandlerExceptionResolver - ControllerAdvice beans: 2 @ExceptionHandler, 1 ResponseBodyAdvice
2026-04-29 11:51:56.976 [restartedMain] INFO  [] [] [] [] o.s.b.a.h.H2ConsoleAutoConfiguration - H2 console available at '/h2-console'. Database available at 'jdbc:h2:mem:library'
2026-04-29 11:51:57.157 [restartedMain] INFO  [] [] [] [] o.s.b.d.a.OptionalLiveReloadServer - LiveReload server is running on port 35729
2026-04-29 11:51:57.181 [restartedMain] INFO  [] [] [] [] o.a.coyote.http11.Http11NioProtocol - Starting ProtocolHandler ["http-nio-8080"]
2026-04-29 11:51:57.189 [restartedMain] INFO  [] [] [] [] o.s.b.w.e.tomcat.TomcatWebServer - Tomcat started on port 8080 (http) with context path '/'
2026-04-29 11:51:57.200 [restartedMain] INFO  [] [] [] [] c.o.s.Chap01SpringStabilityApplication - Started Chap01SpringStabilityApplication in 3.219 seconds (process running for 2882.118)
2026-04-29 11:51:57.207 [restartedMain] INFO  [] [] [] [] o.s.b.d.a.ConditionEvaluationDeltaLoggingListener - Condition evaluation unchanged
2026-04-29 11:58:57.620 [http-nio-8080-exec-1] INFO  [] [] [] [] o.a.c.c.C.[Tomcat].[localhost].[/] - Initializing Spring DispatcherServlet 'dispatcherServlet'
2026-04-29 11:58:57.620 [http-nio-8080-exec-1] INFO  [] [] [] [] o.s.web.servlet.DispatcherServlet - Initializing Servlet 'dispatcherServlet'
2026-04-29 11:58:57.620 [http-nio-8080-exec-1] DEBUG [] [] [] [] o.s.web.servlet.DispatcherServlet - Detected StandardServletMultipartResolver
2026-04-29 11:58:57.620 [http-nio-8080-exec-1] DEBUG [] [] [] [] o.s.web.servlet.DispatcherServlet - Detected AcceptHeaderLocaleResolver
2026-04-29 11:58:57.620 [http-nio-8080-exec-1] DEBUG [] [] [] [] o.s.web.servlet.DispatcherServlet - Detected FixedThemeResolver
2026-04-29 11:58:57.622 [http-nio-8080-exec-1] DEBUG [] [] [] [] o.s.web.servlet.DispatcherServlet - Detected org.springframework.web.servlet.view.DefaultRequestToViewNameTranslator@7c268eaa
2026-04-29 11:58:57.622 [http-nio-8080-exec-1] DEBUG [] [] [] [] o.s.web.servlet.DispatcherServlet - Detected org.springframework.web.servlet.support.SessionFlashMapManager@2c1d069a
2026-04-29 11:58:57.622 [http-nio-8080-exec-1] DEBUG [] [] [] [] o.s.web.servlet.DispatcherServlet - enableLoggingRequestDetails='false': request parameters and headers will be masked to prevent unsafe logging of potentially sensitive data
2026-04-29 11:58:57.622 [http-nio-8080-exec-1] INFO  [] [] [] [] o.s.web.servlet.DispatcherServlet - Completed initialization in 2 ms
2026-04-29 11:58:57.623 [http-nio-8080-exec-1] DEBUG [86819806] [POST] [/api/v1/books] [127.0.0.1] o.s.web.servlet.DispatcherServlet - POST "/api/v1/books", parameters={}
2026-04-29 11:58:57.625 [http-nio-8080-exec-1] DEBUG [86819806] [POST] [/api/v1/books] [127.0.0.1] o.s.w.s.m.m.a.RequestMappingHandlerMapping - Mapped to com.ohgiraffers.stability.section01.exception.controller.BookController#registerBook(BookDTO)
2026-04-29 11:58:57.697 [http-nio-8080-exec-1] DEBUG [86819806] [POST] [/api/v1/books] [127.0.0.1] o.s.w.s.m.m.a.RequestResponseBodyMethodProcessor - Read "application/json;charset=UTF-8" to [BookDTO{bookId=null, isbn='9788966262281', title='스프링 부트와 AWS로 혼자 구현하는 웹 서비스', author='이동욱', publish (truncated)...]
2026-04-29 11:58:57.705 [http-nio-8080-exec-1] INFO  [86819806] [POST] [/api/v1/books] [127.0.0.1] c.o.s.s.e.controller.BookController - [s1][BookController] 도서 등록 요청 - ISBN: 9788966262281, 제목: 스프링 부트와 AWS로 혼자 구현하는 웹 서비스
2026-04-29 11:58:57.715 [http-nio-8080-exec-1] DEBUG [86819806] [POST] [/api/v1/books] [127.0.0.1] c.o.s.s.e.service.BookService - 도서 등록 시작 - ISBN: 9788966262281, 제목: 스프링 부트와 AWS로 혼자 구현하는 웹 서비스
2026-04-29 11:58:57.815 [http-nio-8080-exec-1] DEBUG [86819806] [POST] [/api/v1/books] [127.0.0.1] org.hibernate.SQL - 
    select
        b1_0.book_id 
    from
        tbl_book b1_0 
    where
        b1_0.isbn=? 
    fetch
        first ? rows only
2026-04-29 11:58:57.888 [http-nio-8080-exec-1] DEBUG [86819806] [POST] [/api/v1/books] [127.0.0.1] org.hibernate.SQL - 
    insert 
    into
        tbl_book
        (author, available, isbn, publish_date, publisher, stock_quantity, title, book_id) 
    values
        (?, ?, ?, ?, ?, ?, ?, default)
2026-04-29 11:58:57.923 [http-nio-8080-exec-1] INFO  [86819806] [POST] [/api/v1/books] [127.0.0.1] c.o.s.s.e.service.BookService - [s1][BookService] 도서 등록 완료 - ID: 1, 제목: 스프링 부트와 AWS로 혼자 구현하는 웹 서비스
2026-04-29 11:58:57.937 [http-nio-8080-exec-1] INFO  [86819806] [POST] [/api/v1/books] [127.0.0.1] c.o.s.s.e.controller.BookController - [s1][BookController] 도서 등록 완료 - ID: 1, 제목: 스프링 부트와 AWS로 혼자 구현하는 웹 서비스
2026-04-29 11:58:57.942 [http-nio-8080-exec-1] DEBUG [86819806] [POST] [/api/v1/books] [127.0.0.1] o.s.w.s.m.m.a.HttpEntityMethodProcessor - Using 'application/json', given [*/*] and supported [application/json, application/*+json]
2026-04-29 11:58:57.943 [http-nio-8080-exec-1] DEBUG [86819806] [POST] [/api/v1/books] [127.0.0.1] o.s.w.s.m.m.a.HttpEntityMethodProcessor - Writing [BookDTO{bookId=1, isbn='9788966262281', title='스프링 부트와 AWS로 혼자 구현하는 웹 서비스', author='이동욱', publisher= (truncated)...]
2026-04-29 11:58:57.949 [http-nio-8080-exec-1] DEBUG [86819806] [POST] [/api/v1/books] [127.0.0.1] o.s.web.servlet.DispatcherServlet - Completed 201 CREATED
2026-04-29 12:02:12.807 [http-nio-8080-exec-3] DEBUG [5598a4ee] [GET] [/api/v1/books/999] [127.0.0.1] o.s.web.servlet.DispatcherServlet - GET "/api/v1/books/999", parameters={}
2026-04-29 12:02:12.809 [http-nio-8080-exec-3] DEBUG [5598a4ee] [GET] [/api/v1/books/999] [127.0.0.1] o.s.w.s.m.m.a.RequestMappingHandlerMapping - Mapped to com.ohgiraffers.stability.section01.exception.controller.BookController#getBookById(Long)
2026-04-29 12:02:12.811 [http-nio-8080-exec-3] INFO  [5598a4ee] [GET] [/api/v1/books/999] [127.0.0.1] c.o.s.s.e.controller.BookController - [s1][BookController] 도서 조회 요청 - ID: 999
2026-04-29 12:02:12.812 [http-nio-8080-exec-3] DEBUG [5598a4ee] [GET] [/api/v1/books/999] [127.0.0.1] c.o.s.s.e.service.BookService - 도서 조회 시작 - ID: 999
2026-04-29 12:02:12.826 [http-nio-8080-exec-3] DEBUG [5598a4ee] [GET] [/api/v1/books/999] [127.0.0.1] org.hibernate.SQL - 
    select
        b1_0.book_id,
        b1_0.author,
        b1_0.available,
        b1_0.isbn,
        b1_0.publish_date,
        b1_0.publisher,
        b1_0.stock_quantity,
        b1_0.title 
    from
        tbl_book b1_0 
    where
        b1_0.book_id=?
2026-04-29 12:02:12.844 [http-nio-8080-exec-3] ERROR [5598a4ee] [GET] [/api/v1/books/999] [127.0.0.1] c.o.s.s.e.service.BookService - 도서 조회 실패 - ID: 999: 해당 ID의 도서를 찾을 수 없습니다: 999
2026-04-29 12:02:12.849 [http-nio-8080-exec-3] DEBUG [5598a4ee] [GET] [/api/v1/books/999] [127.0.0.1] o.s.w.s.m.m.a.ExceptionHandlerExceptionResolver - Using @ExceptionHandler com.ohgiraffers.stability.section01.exception.handler.GlobalExceptionHandler#handleBookNotFoundException(BookNotFoundException, HttpServletRequest)
2026-04-29 12:02:12.849 [http-nio-8080-exec-3] WARN  [5598a4ee] [GET] [/api/v1/books/999] [127.0.0.1] c.o.s.s.e.h.GlobalExceptionHandler - [s1][GlobalExceptionHandler] 도서 조회 실패: 해당 ID의 도서를 찾을 수 없습니다: 999
2026-04-29 12:02:12.852 [http-nio-8080-exec-3] DEBUG [5598a4ee] [GET] [/api/v1/books/999] [127.0.0.1] o.s.w.s.m.m.a.HttpEntityMethodProcessor - Using 'application/json', given [*/*] and supported [application/json, application/*+json]
2026-04-29 12:02:12.861 [http-nio-8080-exec-3] DEBUG [5598a4ee] [GET] [/api/v1/books/999] [127.0.0.1] o.s.w.s.m.m.a.HttpEntityMethodProcessor - Writing [ErrorResponse{errorCode='BOOK_NOT_FOUND_BY_ID', message='해당 ID의 도서를 찾을 수 없습니다: 999', timestamp=2026- (truncated)...]
2026-04-29 12:02:12.868 [http-nio-8080-exec-3] WARN  [5598a4ee] [GET] [/api/v1/books/999] [127.0.0.1] o.s.w.s.m.m.a.ExceptionHandlerExceptionResolver - Resolved [com.ohgiraffers.stability.section01.exception.exception.BookNotFoundException: 해당 ID의 도서를 찾을 수 없습니다: 999]
2026-04-29 12:02:12.868 [http-nio-8080-exec-3] DEBUG [5598a4ee] [GET] [/api/v1/books/999] [127.0.0.1] o.s.web.servlet.DispatcherServlet - Completed 404 NOT_FOUND
2026-04-29 12:07:38.074 [http-nio-8080-exec-5] DEBUG [30be5c62] [POST] [/api/v1/books] [127.0.0.1] o.s.web.servlet.DispatcherServlet - POST "/api/v1/books", parameters={}
2026-04-29 12:07:38.075 [http-nio-8080-exec-5] DEBUG [30be5c62] [POST] [/api/v1/books] [127.0.0.1] o.s.w.s.m.m.a.RequestMappingHandlerMapping - Mapped to com.ohgiraffers.stability.section01.exception.controller.BookController#registerBook(BookDTO)
2026-04-29 12:07:38.077 [http-nio-8080-exec-5] DEBUG [30be5c62] [POST] [/api/v1/books] [127.0.0.1] o.s.w.s.m.m.a.RequestResponseBodyMethodProcessor - Read "application/json;charset=UTF-8" to [BookDTO{bookId=null, isbn='9788966262281', title='스프링 부트와 AWS로 혼자 구현하는 웹 서비스', author='이동욱', publish (truncated)...]
2026-04-29 12:07:38.077 [http-nio-8080-exec-5] INFO  [30be5c62] [POST] [/api/v1/books] [127.0.0.1] c.o.s.s.e.controller.BookController - [s1][BookController] 도서 등록 요청 - ISBN: 9788966262281, 제목: 스프링 부트와 AWS로 혼자 구현하는 웹 서비스
2026-04-29 12:07:38.078 [http-nio-8080-exec-5] DEBUG [30be5c62] [POST] [/api/v1/books] [127.0.0.1] c.o.s.s.e.service.BookService - 도서 등록 시작 - ISBN: 9788966262281, 제목: 스프링 부트와 AWS로 혼자 구현하는 웹 서비스
2026-04-29 12:07:38.094 [http-nio-8080-exec-5] DEBUG [30be5c62] [POST] [/api/v1/books] [127.0.0.1] org.hibernate.SQL - 
    select
        b1_0.book_id 
    from
        tbl_book b1_0 
    where
        b1_0.isbn=? 
    fetch
        first ? rows only
2026-04-29 12:07:38.098 [http-nio-8080-exec-5] DEBUG [30be5c62] [POST] [/api/v1/books] [127.0.0.1] o.s.w.s.m.m.a.ExceptionHandlerExceptionResolver - Using @ExceptionHandler com.ohgiraffers.stability.section01.exception.handler.GlobalExceptionHandler#handleDuplicateIsbnException(DuplicateIsbnException, HttpServletRequest)
2026-04-29 12:07:38.098 [http-nio-8080-exec-5] WARN  [30be5c62] [POST] [/api/v1/books] [127.0.0.1] c.o.s.s.e.h.GlobalExceptionHandler - [s1][GlobalExceptionHandler] 중복 ISBN 등록 시도: 이미 존재하는 ISBN입니다: 9788966262281
2026-04-29 12:07:38.098 [http-nio-8080-exec-5] DEBUG [30be5c62] [POST] [/api/v1/books] [127.0.0.1] o.s.w.s.m.m.a.HttpEntityMethodProcessor - Using 'application/json', given [*/*] and supported [application/json, application/*+json]
2026-04-29 12:07:38.098 [http-nio-8080-exec-5] DEBUG [30be5c62] [POST] [/api/v1/books] [127.0.0.1] o.s.w.s.m.m.a.HttpEntityMethodProcessor - Writing [ErrorResponse{errorCode='DUPLICATE_ISBN', message='이미 존재하는 ISBN입니다: 9788966262281', timestamp=2026-0 (truncated)...]
2026-04-29 12:07:38.100 [http-nio-8080-exec-5] WARN  [30be5c62] [POST] [/api/v1/books] [127.0.0.1] o.s.w.s.m.m.a.ExceptionHandlerExceptionResolver - Resolved [com.ohgiraffers.stability.section01.exception.exception.DuplicateIsbnException: 이미 존재하는 ISBN입니다: 9788966262281]
2026-04-29 12:07:38.100 [http-nio-8080-exec-5] DEBUG [30be5c62] [POST] [/api/v1/books] [127.0.0.1] o.s.web.servlet.DispatcherServlet - Completed 409 CONFLICT
2026-04-29 12:07:38.202 [http-nio-8080-exec-6] DEBUG [43314aec] [POST] [/api/v1/books] [127.0.0.1] o.s.web.servlet.DispatcherServlet - POST "/api/v1/books", parameters={}
2026-04-29 12:07:38.202 [http-nio-8080-exec-6] DEBUG [43314aec] [POST] [/api/v1/books] [127.0.0.1] o.s.w.s.m.m.a.RequestMappingHandlerMapping - Mapped to com.ohgiraffers.stability.section01.exception.controller.BookController#registerBook(BookDTO)
2026-04-29 12:07:38.205 [http-nio-8080-exec-6] DEBUG [43314aec] [POST] [/api/v1/books] [127.0.0.1] o.s.w.s.m.m.a.RequestResponseBodyMethodProcessor - Read "application/json;charset=UTF-8" to [BookDTO{bookId=null, isbn='9791162243685', title='Clean Code 클린 코드', author='로버트 C. 마틴', publisher=' (truncated)...]
2026-04-29 12:07:38.205 [http-nio-8080-exec-6] INFO  [43314aec] [POST] [/api/v1/books] [127.0.0.1] c.o.s.s.e.controller.BookController - [s1][BookController] 도서 등록 요청 - ISBN: 9791162243685, 제목: Clean Code 클린 코드
2026-04-29 12:07:38.206 [http-nio-8080-exec-6] DEBUG [43314aec] [POST] [/api/v1/books] [127.0.0.1] c.o.s.s.e.service.BookService - 도서 등록 시작 - ISBN: 9791162243685, 제목: Clean Code 클린 코드
2026-04-29 12:07:38.207 [http-nio-8080-exec-6] DEBUG [43314aec] [POST] [/api/v1/books] [127.0.0.1] org.hibernate.SQL - 
    select
        b1_0.book_id 
    from
        tbl_book b1_0 
    where
        b1_0.isbn=? 
    fetch
        first ? rows only
2026-04-29 12:07:38.210 [http-nio-8080-exec-6] DEBUG [43314aec] [POST] [/api/v1/books] [127.0.0.1] org.hibernate.SQL - 
    insert 
    into
        tbl_book
        (author, available, isbn, publish_date, publisher, stock_quantity, title, book_id) 
    values
        (?, ?, ?, ?, ?, ?, ?, default)
2026-04-29 12:07:38.211 [http-nio-8080-exec-6] INFO  [43314aec] [POST] [/api/v1/books] [127.0.0.1] c.o.s.s.e.service.BookService - [s1][BookService] 도서 등록 완료 - ID: 2, 제목: Clean Code 클린 코드
2026-04-29 12:07:38.212 [http-nio-8080-exec-6] INFO  [43314aec] [POST] [/api/v1/books] [127.0.0.1] c.o.s.s.e.controller.BookController - [s1][BookController] 도서 등록 완료 - ID: 2, 제목: Clean Code 클린 코드
2026-04-29 12:07:38.212 [http-nio-8080-exec-6] DEBUG [43314aec] [POST] [/api/v1/books] [127.0.0.1] o.s.w.s.m.m.a.HttpEntityMethodProcessor - Using 'application/json', given [*/*] and supported [application/json, application/*+json]
2026-04-29 12:07:38.213 [http-nio-8080-exec-6] DEBUG [43314aec] [POST] [/api/v1/books] [127.0.0.1] o.s.w.s.m.m.a.HttpEntityMethodProcessor - Writing [BookDTO{bookId=2, isbn='9791162243685', title='Clean Code 클린 코드', author='로버트 C. 마틴', publisher='인사이 (truncated)...]
2026-04-29 12:07:38.214 [http-nio-8080-exec-6] DEBUG [43314aec] [POST] [/api/v1/books] [127.0.0.1] o.s.web.servlet.DispatcherServlet - Completed 201 CREATED
2026-04-29 12:07:38.254 [http-nio-8080-exec-7] DEBUG [87aaa113] [POST] [/api/v1/books] [127.0.0.1] o.s.web.servlet.DispatcherServlet - POST "/api/v1/books", parameters={}
2026-04-29 12:07:38.255 [http-nio-8080-exec-7] DEBUG [87aaa113] [POST] [/api/v1/books] [127.0.0.1] o.s.w.s.m.m.a.RequestMappingHandlerMapping - Mapped to com.ohgiraffers.stability.section01.exception.controller.BookController#registerBook(BookDTO)
2026-04-29 12:07:38.255 [http-nio-8080-exec-7] DEBUG [87aaa113] [POST] [/api/v1/books] [127.0.0.1] o.s.w.s.m.m.a.RequestResponseBodyMethodProcessor - Read "application/json;charset=UTF-8" to [BookDTO{bookId=null, isbn='9788960773417', title='Effective Java 3/E', author='조슈아 블로크', publisher=' (truncated)...]
2026-04-29 12:07:38.256 [http-nio-8080-exec-7] INFO  [87aaa113] [POST] [/api/v1/books] [127.0.0.1] c.o.s.s.e.controller.BookController - [s1][BookController] 도서 등록 요청 - ISBN: 9788960773417, 제목: Effective Java 3/E
2026-04-29 12:07:38.256 [http-nio-8080-exec-7] DEBUG [87aaa113] [POST] [/api/v1/books] [127.0.0.1] c.o.s.s.e.service.BookService - 도서 등록 시작 - ISBN: 9788960773417, 제목: Effective Java 3/E
2026-04-29 12:07:38.258 [http-nio-8080-exec-7] DEBUG [87aaa113] [POST] [/api/v1/books] [127.0.0.1] org.hibernate.SQL - 
    select
        b1_0.book_id 
    from
        tbl_book b1_0 
    where
        b1_0.isbn=? 
    fetch
        first ? rows only
2026-04-29 12:07:38.260 [http-nio-8080-exec-7] DEBUG [87aaa113] [POST] [/api/v1/books] [127.0.0.1] org.hibernate.SQL - 
    insert 
    into
        tbl_book
        (author, available, isbn, publish_date, publisher, stock_quantity, title, book_id) 
    values
        (?, ?, ?, ?, ?, ?, ?, default)
2026-04-29 12:07:38.261 [http-nio-8080-exec-7] INFO  [87aaa113] [POST] [/api/v1/books] [127.0.0.1] c.o.s.s.e.service.BookService - [s1][BookService] 도서 등록 완료 - ID: 3, 제목: Effective Java 3/E
2026-04-29 12:07:38.262 [http-nio-8080-exec-7] INFO  [87aaa113] [POST] [/api/v1/books] [127.0.0.1] c.o.s.s.e.controller.BookController - [s1][BookController] 도서 등록 완료 - ID: 3, 제목: Effective Java 3/E
2026-04-29 12:07:38.263 [http-nio-8080-exec-7] DEBUG [87aaa113] [POST] [/api/v1/books] [127.0.0.1] o.s.w.s.m.m.a.HttpEntityMethodProcessor - Using 'application/json', given [*/*] and supported [application/json, application/*+json]
2026-04-29 12:07:38.263 [http-nio-8080-exec-7] DEBUG [87aaa113] [POST] [/api/v1/books] [127.0.0.1] o.s.w.s.m.m.a.HttpEntityMethodProcessor - Writing [BookDTO{bookId=3, isbn='9788960773417', title='Effective Java 3/E', author='조슈아 블로크', publisher='인사이 (truncated)...]
2026-04-29 12:07:38.266 [http-nio-8080-exec-7] DEBUG [87aaa113] [POST] [/api/v1/books] [127.0.0.1] o.s.web.servlet.DispatcherServlet - Completed 201 CREATED
2026-04-29 12:07:38.306 [http-nio-8080-exec-8] DEBUG [91332cf4] [GET] [/api/v1/books] [127.0.0.1] o.s.web.servlet.DispatcherServlet - GET "/api/v1/books", parameters={}
2026-04-29 12:07:38.306 [http-nio-8080-exec-8] DEBUG [91332cf4] [GET] [/api/v1/books] [127.0.0.1] o.s.w.s.m.m.a.RequestMappingHandlerMapping - Mapped to com.ohgiraffers.stability.section01.exception.controller.BookController#getAllBooks()
2026-04-29 12:07:38.307 [http-nio-8080-exec-8] INFO  [91332cf4] [GET] [/api/v1/books] [127.0.0.1] c.o.s.s.e.controller.BookController - [s1][BookController] 전체 도서 목록 조회 요청
2026-04-29 12:07:38.307 [http-nio-8080-exec-8] DEBUG [91332cf4] [GET] [/api/v1/books] [127.0.0.1] c.o.s.s.e.service.BookService - 전체 도서 목록 조회 시작
2026-04-29 12:07:38.321 [http-nio-8080-exec-8] DEBUG [91332cf4] [GET] [/api/v1/books] [127.0.0.1] org.hibernate.SQL - 
    select
        b1_0.book_id,
        b1_0.author,
        b1_0.available,
        b1_0.isbn,
        b1_0.publish_date,
        b1_0.publisher,
        b1_0.stock_quantity,
        b1_0.title 
    from
        tbl_book b1_0
2026-04-29 12:07:38.326 [http-nio-8080-exec-8] DEBUG [91332cf4] [GET] [/api/v1/books] [127.0.0.1] c.o.s.s.e.service.BookService - 전체 도서 목록 조회 완료 - 총 3권
2026-04-29 12:07:38.326 [http-nio-8080-exec-8] DEBUG [91332cf4] [GET] [/api/v1/books] [127.0.0.1] c.o.s.s.e.service.BookService - 전체 도서 목록 조회 종료
2026-04-29 12:07:38.327 [http-nio-8080-exec-8] INFO  [91332cf4] [GET] [/api/v1/books] [127.0.0.1] c.o.s.s.e.controller.BookController - [s1][BookController] 전체 도서 목록 조회 완료 - 총 3권
2026-04-29 12:07:38.329 [http-nio-8080-exec-8] DEBUG [91332cf4] [GET] [/api/v1/books] [127.0.0.1] o.s.w.s.m.m.a.HttpEntityMethodProcessor - Using 'application/json', given [*/*] and supported [application/json, application/*+json]
2026-04-29 12:07:38.329 [http-nio-8080-exec-8] DEBUG [91332cf4] [GET] [/api/v1/books] [127.0.0.1] o.s.w.s.m.m.a.HttpEntityMethodProcessor - Writing [[BookDTO{bookId=1, isbn='9788966262281', title='스프링 부트와 AWS로 혼자 구현하는 웹 서비스', author='이동욱', publisher (truncated)...]
2026-04-29 12:07:38.331 [http-nio-8080-exec-8] DEBUG [91332cf4] [GET] [/api/v1/books] [127.0.0.1] o.s.web.servlet.DispatcherServlet - Completed 200 OK
2026-04-29 12:07:38.360 [http-nio-8080-exec-9] DEBUG [9cd2a669] [GET] [/api/v1/books/1] [127.0.0.1] o.s.web.servlet.DispatcherServlet - GET "/api/v1/books/1", parameters={}
2026-04-29 12:07:38.360 [http-nio-8080-exec-9] DEBUG [9cd2a669] [GET] [/api/v1/books/1] [127.0.0.1] o.s.w.s.m.m.a.RequestMappingHandlerMapping - Mapped to com.ohgiraffers.stability.section01.exception.controller.BookController#getBookById(Long)
2026-04-29 12:07:38.360 [http-nio-8080-exec-9] INFO  [9cd2a669] [GET] [/api/v1/books/1] [127.0.0.1] c.o.s.s.e.controller.BookController - [s1][BookController] 도서 조회 요청 - ID: 1
2026-04-29 12:07:38.361 [http-nio-8080-exec-9] DEBUG [9cd2a669] [GET] [/api/v1/books/1] [127.0.0.1] c.o.s.s.e.service.BookService - 도서 조회 시작 - ID: 1
2026-04-29 12:07:38.362 [http-nio-8080-exec-9] DEBUG [9cd2a669] [GET] [/api/v1/books/1] [127.0.0.1] org.hibernate.SQL - 
    select
        b1_0.book_id,
        b1_0.author,
        b1_0.available,
        b1_0.isbn,
        b1_0.publish_date,
        b1_0.publisher,
        b1_0.stock_quantity,
        b1_0.title 
    from
        tbl_book b1_0 
    where
        b1_0.book_id=?
2026-04-29 12:07:38.362 [http-nio-8080-exec-9] DEBUG [9cd2a669] [GET] [/api/v1/books/1] [127.0.0.1] c.o.s.s.e.service.BookService - 도서 조회 완료 - 제목: 스프링 부트와 AWS로 혼자 구현하는 웹 서비스
2026-04-29 12:07:38.362 [http-nio-8080-exec-9] INFO  [9cd2a669] [GET] [/api/v1/books/1] [127.0.0.1] c.o.s.s.e.controller.BookController - [s1][BookController] 도서 조회 완료 - ID: 1, 제목: 스프링 부트와 AWS로 혼자 구현하는 웹 서비스
2026-04-29 12:07:38.365 [http-nio-8080-exec-9] DEBUG [9cd2a669] [GET] [/api/v1/books/1] [127.0.0.1] o.s.w.s.m.m.a.HttpEntityMethodProcessor - Using 'application/json', given [*/*] and supported [application/json, application/*+json]
2026-04-29 12:07:38.365 [http-nio-8080-exec-9] DEBUG [9cd2a669] [GET] [/api/v1/books/1] [127.0.0.1] o.s.w.s.m.m.a.HttpEntityMethodProcessor - Writing [BookDTO{bookId=1, isbn='9788966262281', title='스프링 부트와 AWS로 혼자 구현하는 웹 서비스', author='이동욱', publisher= (truncated)...]
2026-04-29 12:07:38.368 [http-nio-8080-exec-9] DEBUG [9cd2a669] [GET] [/api/v1/books/1] [127.0.0.1] o.s.web.servlet.DispatcherServlet - Completed 200 OK
2026-04-29 12:07:38.405 [http-nio-8080-exec-10] DEBUG [bd06bb13] [GET] [/api/v1/books/isbn/9788966262281] [127.0.0.1] o.s.web.servlet.DispatcherServlet - GET "/api/v1/books/isbn/9788966262281", parameters={}
2026-04-29 12:07:38.406 [http-nio-8080-exec-10] DEBUG [bd06bb13] [GET] [/api/v1/books/isbn/9788966262281] [127.0.0.1] o.s.w.s.m.m.a.RequestMappingHandlerMapping - Mapped to com.ohgiraffers.stability.section01.exception.controller.BookController#getBookByIsbn(String)
2026-04-29 12:07:38.413 [http-nio-8080-exec-10] INFO  [bd06bb13] [GET] [/api/v1/books/isbn/9788966262281] [127.0.0.1] c.o.s.s.e.controller.BookController - [s1][BookController] ISBN으로 도서 조회 요청 - ISBN: 9788966262281
2026-04-29 12:07:38.416 [http-nio-8080-exec-10] DEBUG [bd06bb13] [GET] [/api/v1/books/isbn/9788966262281] [127.0.0.1] c.o.s.s.e.service.BookService - ISBN으로 도서 조회 시작 - ISBN: 9788966262281
2026-04-29 12:07:38.422 [http-nio-8080-exec-10] DEBUG [bd06bb13] [GET] [/api/v1/books/isbn/9788966262281] [127.0.0.1] org.hibernate.SQL - 
    select
        b1_0.book_id,
        b1_0.author,
        b1_0.available,
        b1_0.isbn,
        b1_0.publish_date,
        b1_0.publisher,
        b1_0.stock_quantity,
        b1_0.title 
    from
        tbl_book b1_0 
    where
        b1_0.isbn=?
2026-04-29 12:07:38.425 [http-nio-8080-exec-10] DEBUG [bd06bb13] [GET] [/api/v1/books/isbn/9788966262281] [127.0.0.1] c.o.s.s.e.service.BookService - ISBN으로 도서 조회 완료 - 제목: 스프링 부트와 AWS로 혼자 구현하는 웹 서비스
2026-04-29 12:07:38.425 [http-nio-8080-exec-10] INFO  [bd06bb13] [GET] [/api/v1/books/isbn/9788966262281] [127.0.0.1] c.o.s.s.e.controller.BookController - [s1][BookController] ISBN으로 도서 조회 완료 - ISBN: 9788966262281, 제목: 스프링 부트와 AWS로 혼자 구현하는 웹 서비스
2026-04-29 12:07:38.426 [http-nio-8080-exec-10] DEBUG [bd06bb13] [GET] [/api/v1/books/isbn/9788966262281] [127.0.0.1] o.s.w.s.m.m.a.HttpEntityMethodProcessor - Using 'application/json', given [*/*] and supported [application/json, application/*+json]
2026-04-29 12:07:38.426 [http-nio-8080-exec-10] DEBUG [bd06bb13] [GET] [/api/v1/books/isbn/9788966262281] [127.0.0.1] o.s.w.s.m.m.a.HttpEntityMethodProcessor - Writing [BookDTO{bookId=1, isbn='9788966262281', title='스프링 부트와 AWS로 혼자 구현하는 웹 서비스', author='이동욱', publisher= (truncated)...]
2026-04-29 12:07:38.427 [http-nio-8080-exec-10] DEBUG [bd06bb13] [GET] [/api/v1/books/isbn/9788966262281] [127.0.0.1] o.s.web.servlet.DispatcherServlet - Completed 200 OK
2026-04-29 12:07:38.472 [http-nio-8080-exec-1] DEBUG [a272e2f8] [GET] [/api/v1/books/search] [127.0.0.1] o.s.web.servlet.DispatcherServlet - GET "/api/v1/books/search?keyword=%EC%8A%A4%ED%94%84%EB%A7%81", parameters={masked}
2026-04-29 12:07:38.472 [http-nio-8080-exec-1] DEBUG [a272e2f8] [GET] [/api/v1/books/search] [127.0.0.1] o.s.w.s.m.m.a.RequestMappingHandlerMapping - Mapped to com.ohgiraffers.stability.section01.exception.controller.BookController#searchBooksByTitle(String)
2026-04-29 12:07:38.475 [http-nio-8080-exec-1] INFO  [a272e2f8] [GET] [/api/v1/books/search] [127.0.0.1] c.o.s.s.e.controller.BookController - [s1][BookController] 제목으로 도서 검색 요청 - 키워드: 스프링
2026-04-29 12:07:38.475 [http-nio-8080-exec-1] DEBUG [a272e2f8] [GET] [/api/v1/books/search] [127.0.0.1] c.o.s.s.e.service.BookService - 제목으로 도서 검색 시작 - 키워드: 스프링
2026-04-29 12:07:38.484 [http-nio-8080-exec-1] DEBUG [a272e2f8] [GET] [/api/v1/books/search] [127.0.0.1] org.hibernate.SQL - 
    select
        b1_0.book_id,
        b1_0.author,
        b1_0.available,
        b1_0.isbn,
        b1_0.publish_date,
        b1_0.publisher,
        b1_0.stock_quantity,
        b1_0.title 
    from
        tbl_book b1_0 
    where
        upper(b1_0.title) like upper(?) escape '\'
2026-04-29 12:07:38.486 [http-nio-8080-exec-1] DEBUG [a272e2f8] [GET] [/api/v1/books/search] [127.0.0.1] c.o.s.s.e.service.BookService - 제목으로 도서 검색 완료 - 검색 결과: 1권
2026-04-29 12:07:38.487 [http-nio-8080-exec-1] INFO  [a272e2f8] [GET] [/api/v1/books/search] [127.0.0.1] c.o.s.s.e.controller.BookController - [s1][BookController] 제목으로 도서 검색 완료 - 키워드: 스프링, 검색 결과: 1권
2026-04-29 12:07:38.488 [http-nio-8080-exec-1] DEBUG [a272e2f8] [GET] [/api/v1/books/search] [127.0.0.1] o.s.w.s.m.m.a.HttpEntityMethodProcessor - Using 'application/json', given [*/*] and supported [application/json, application/*+json]
2026-04-29 12:07:38.488 [http-nio-8080-exec-1] DEBUG [a272e2f8] [GET] [/api/v1/books/search] [127.0.0.1] o.s.w.s.m.m.a.HttpEntityMethodProcessor - Writing [[BookDTO{bookId=1, isbn='9788966262281', title='스프링 부트와 AWS로 혼자 구현하는 웹 서비스', author='이동욱', publisher (truncated)...]
2026-04-29 12:07:38.489 [http-nio-8080-exec-1] DEBUG [a272e2f8] [GET] [/api/v1/books/search] [127.0.0.1] o.s.web.servlet.DispatcherServlet - Completed 200 OK
2026-04-29 12:07:38.537 [http-nio-8080-exec-2] DEBUG [7b55647e] [PATCH] [/api/v1/books/1/stock/increase] [127.0.0.1] o.s.web.servlet.DispatcherServlet - PATCH "/api/v1/books/1/stock/increase?quantity=5", parameters={masked}
2026-04-29 12:07:38.537 [http-nio-8080-exec-2] DEBUG [7b55647e] [PATCH] [/api/v1/books/1/stock/increase] [127.0.0.1] o.s.w.s.m.m.a.RequestMappingHandlerMapping - Mapped to com.ohgiraffers.stability.section01.exception.controller.BookController#increaseStock(Long, int)
2026-04-29 12:07:38.538 [http-nio-8080-exec-2] INFO  [7b55647e] [PATCH] [/api/v1/books/1/stock/increase] [127.0.0.1] c.o.s.s.e.controller.BookController - [s1][BookController] 재고 증가 요청 - 도서 ID: 1, 증가 수량: 5
2026-04-29 12:07:38.538 [http-nio-8080-exec-2] DEBUG [7b55647e] [PATCH] [/api/v1/books/1/stock/increase] [127.0.0.1] c.o.s.s.e.service.BookService - 재고 증가 시작 - 도서 ID: 1, 증가 수량: 5
2026-04-29 12:07:38.539 [http-nio-8080-exec-2] DEBUG [7b55647e] [PATCH] [/api/v1/books/1/stock/increase] [127.0.0.1] org.hibernate.SQL - 
    select
        b1_0.book_id,
        b1_0.author,
        b1_0.available,
        b1_0.isbn,
        b1_0.publish_date,
        b1_0.publisher,
        b1_0.stock_quantity,
        b1_0.title 
    from
        tbl_book b1_0 
    where
        b1_0.book_id=?
2026-04-29 12:07:38.542 [http-nio-8080-exec-2] INFO  [7b55647e] [PATCH] [/api/v1/books/1/stock/increase] [127.0.0.1] c.o.s.s.e.service.BookService - [s1][BookService] 재고 증가 완료 - 도서 ID: 1, 현재 재고: 15
2026-04-29 12:07:38.551 [http-nio-8080-exec-2] DEBUG [7b55647e] [PATCH] [/api/v1/books/1/stock/increase] [127.0.0.1] org.hibernate.SQL - 
    update
        tbl_book 
    set
        author=?,
        available=?,
        isbn=?,
        publish_date=?,
        publisher=?,
        stock_quantity=?,
        title=? 
    where
        book_id=?
2026-04-29 12:07:38.559 [http-nio-8080-exec-2] INFO  [7b55647e] [PATCH] [/api/v1/books/1/stock/increase] [127.0.0.1] c.o.s.s.e.controller.BookController - [s1][BookController] 재고 증가 완료 - 도서 ID: 1, 현재 재고: 15
2026-04-29 12:07:38.559 [http-nio-8080-exec-2] DEBUG [7b55647e] [PATCH] [/api/v1/books/1/stock/increase] [127.0.0.1] o.s.w.s.m.m.a.HttpEntityMethodProcessor - Using 'application/json', given [*/*] and supported [application/json, application/*+json]
2026-04-29 12:07:38.559 [http-nio-8080-exec-2] DEBUG [7b55647e] [PATCH] [/api/v1/books/1/stock/increase] [127.0.0.1] o.s.w.s.m.m.a.HttpEntityMethodProcessor - Writing [BookDTO{bookId=1, isbn='9788966262281', title='스프링 부트와 AWS로 혼자 구현하는 웹 서비스', author='이동욱', publisher= (truncated)...]
2026-04-29 12:07:38.560 [http-nio-8080-exec-2] DEBUG [7b55647e] [PATCH] [/api/v1/books/1/stock/increase] [127.0.0.1] o.s.web.servlet.DispatcherServlet - Completed 200 OK
2026-04-29 12:07:38.589 [http-nio-8080-exec-3] DEBUG [ed7c5fe2] [PATCH] [/api/v1/books/1/stock/decrease] [127.0.0.1] o.s.web.servlet.DispatcherServlet - PATCH "/api/v1/books/1/stock/decrease?quantity=3", parameters={masked}
2026-04-29 12:07:38.589 [http-nio-8080-exec-3] DEBUG [ed7c5fe2] [PATCH] [/api/v1/books/1/stock/decrease] [127.0.0.1] o.s.w.s.m.m.a.RequestMappingHandlerMapping - Mapped to com.ohgiraffers.stability.section01.exception.controller.BookController#decreaseStock(Long, int)
2026-04-29 12:07:38.590 [http-nio-8080-exec-3] INFO  [ed7c5fe2] [PATCH] [/api/v1/books/1/stock/decrease] [127.0.0.1] c.o.s.s.e.controller.BookController - [s1][BookController] 재고 감소 요청 - 도서 ID: 1, 감소 수량: 3
2026-04-29 12:07:38.591 [http-nio-8080-exec-3] DEBUG [ed7c5fe2] [PATCH] [/api/v1/books/1/stock/decrease] [127.0.0.1] c.o.s.s.e.service.BookService - 재고 감소 시작 - 도서 ID: 1, 감소 수량: 3
2026-04-29 12:07:38.591 [http-nio-8080-exec-3] DEBUG [ed7c5fe2] [PATCH] [/api/v1/books/1/stock/decrease] [127.0.0.1] org.hibernate.SQL - 
    select
        b1_0.book_id,
        b1_0.author,
        b1_0.available,
        b1_0.isbn,
        b1_0.publish_date,
        b1_0.publisher,
        b1_0.stock_quantity,
        b1_0.title 
    from
        tbl_book b1_0 
    where
        b1_0.book_id=?
2026-04-29 12:07:38.594 [http-nio-8080-exec-3] INFO  [ed7c5fe2] [PATCH] [/api/v1/books/1/stock/decrease] [127.0.0.1] c.o.s.s.e.service.BookService - [s1][BookService] 재고 감소 완료 - 도서 ID: 1, 현재 재고: 12
2026-04-29 12:07:38.595 [http-nio-8080-exec-3] DEBUG [ed7c5fe2] [PATCH] [/api/v1/books/1/stock/decrease] [127.0.0.1] org.hibernate.SQL - 
    update
        tbl_book 
    set
        author=?,
        available=?,
        isbn=?,
        publish_date=?,
        publisher=?,
        stock_quantity=?,
        title=? 
    where
        book_id=?
2026-04-29 12:07:38.596 [http-nio-8080-exec-3] INFO  [ed7c5fe2] [PATCH] [/api/v1/books/1/stock/decrease] [127.0.0.1] c.o.s.s.e.controller.BookController - [s1][BookController] 재고 감소 완료 - 도서 ID: 1, 현재 재고: 12
2026-04-29 12:07:38.596 [http-nio-8080-exec-3] DEBUG [ed7c5fe2] [PATCH] [/api/v1/books/1/stock/decrease] [127.0.0.1] o.s.w.s.m.m.a.HttpEntityMethodProcessor - Using 'application/json', given [*/*] and supported [application/json, application/*+json]
2026-04-29 12:07:38.596 [http-nio-8080-exec-3] DEBUG [ed7c5fe2] [PATCH] [/api/v1/books/1/stock/decrease] [127.0.0.1] o.s.w.s.m.m.a.HttpEntityMethodProcessor - Writing [BookDTO{bookId=1, isbn='9788966262281', title='스프링 부트와 AWS로 혼자 구현하는 웹 서비스', author='이동욱', publisher= (truncated)...]
2026-04-29 12:07:38.597 [http-nio-8080-exec-3] DEBUG [ed7c5fe2] [PATCH] [/api/v1/books/1/stock/decrease] [127.0.0.1] o.s.web.servlet.DispatcherServlet - Completed 200 OK
2026-04-29 12:07:38.630 [http-nio-8080-exec-4] DEBUG [6cd748bb] [PUT] [/api/v1/books/1] [127.0.0.1] o.s.web.servlet.DispatcherServlet - PUT "/api/v1/books/1", parameters={}
2026-04-29 12:07:38.630 [http-nio-8080-exec-4] DEBUG [6cd748bb] [PUT] [/api/v1/books/1] [127.0.0.1] o.s.w.s.m.m.a.RequestMappingHandlerMapping - Mapped to com.ohgiraffers.stability.section01.exception.controller.BookController#updateBook(Long, BookDTO)
2026-04-29 12:07:38.632 [http-nio-8080-exec-4] DEBUG [6cd748bb] [PUT] [/api/v1/books/1] [127.0.0.1] o.s.w.s.m.m.a.RequestResponseBodyMethodProcessor - Read "application/json;charset=UTF-8" to [BookDTO{bookId=null, isbn='null', title='스프링 부트와 AWS로 혼자 구현하는 웹 서비스 (개정판)', author='이동욱', publisher= (truncated)...]
2026-04-29 12:07:38.632 [http-nio-8080-exec-4] INFO  [6cd748bb] [PUT] [/api/v1/books/1] [127.0.0.1] c.o.s.s.e.controller.BookController - [s1][BookController] 도서 정보 수정 요청 - ID: 1
2026-04-29 12:07:38.632 [http-nio-8080-exec-4] DEBUG [6cd748bb] [PUT] [/api/v1/books/1] [127.0.0.1] c.o.s.s.e.service.BookService - 도서 정보 수정 시작 - ID: 1
2026-04-29 12:07:38.633 [http-nio-8080-exec-4] DEBUG [6cd748bb] [PUT] [/api/v1/books/1] [127.0.0.1] org.hibernate.SQL - 
    select
        b1_0.book_id,
        b1_0.author,
        b1_0.available,
        b1_0.isbn,
        b1_0.publish_date,
        b1_0.publisher,
        b1_0.stock_quantity,
        b1_0.title 
    from
        tbl_book b1_0 
    where
        b1_0.book_id=?
2026-04-29 12:07:38.634 [http-nio-8080-exec-4] INFO  [6cd748bb] [PUT] [/api/v1/books/1] [127.0.0.1] c.o.s.s.e.service.BookService - [s1][BookService] 도서 정보 수정 완료 - ID: 1, 제목: 스프링 부트와 AWS로 혼자 구현하는 웹 서비스 (개정판)
2026-04-29 12:07:38.634 [http-nio-8080-exec-4] DEBUG [6cd748bb] [PUT] [/api/v1/books/1] [127.0.0.1] org.hibernate.SQL - 
    update
        tbl_book 
    set
        author=?,
        available=?,
        isbn=?,
        publish_date=?,
        publisher=?,
        stock_quantity=?,
        title=? 
    where
        book_id=?
2026-04-29 12:07:38.635 [http-nio-8080-exec-4] INFO  [6cd748bb] [PUT] [/api/v1/books/1] [127.0.0.1] c.o.s.s.e.controller.BookController - [s1][BookController] 도서 정보 수정 완료 - ID: 1, 제목: 스프링 부트와 AWS로 혼자 구현하는 웹 서비스 (개정판)
2026-04-29 12:07:38.635 [http-nio-8080-exec-4] DEBUG [6cd748bb] [PUT] [/api/v1/books/1] [127.0.0.1] o.s.w.s.m.m.a.HttpEntityMethodProcessor - Using 'application/json', given [*/*] and supported [application/json, application/*+json]
2026-04-29 12:07:38.636 [http-nio-8080-exec-4] DEBUG [6cd748bb] [PUT] [/api/v1/books/1] [127.0.0.1] o.s.w.s.m.m.a.HttpEntityMethodProcessor - Writing [BookDTO{bookId=1, isbn='9788966262281', title='스프링 부트와 AWS로 혼자 구현하는 웹 서비스 (개정판)', author='이동욱', publ (truncated)...]
2026-04-29 12:07:38.636 [http-nio-8080-exec-4] DEBUG [6cd748bb] [PUT] [/api/v1/books/1] [127.0.0.1] o.s.web.servlet.DispatcherServlet - Completed 200 OK
2026-04-29 12:07:38.664 [http-nio-8080-exec-5] DEBUG [8ab4d61f] [GET] [/api/v1/books/999] [127.0.0.1] o.s.web.servlet.DispatcherServlet - GET "/api/v1/books/999", parameters={}
2026-04-29 12:07:38.664 [http-nio-8080-exec-5] DEBUG [8ab4d61f] [GET] [/api/v1/books/999] [127.0.0.1] o.s.w.s.m.m.a.RequestMappingHandlerMapping - Mapped to com.ohgiraffers.stability.section01.exception.controller.BookController#getBookById(Long)
2026-04-29 12:07:38.665 [http-nio-8080-exec-5] INFO  [8ab4d61f] [GET] [/api/v1/books/999] [127.0.0.1] c.o.s.s.e.controller.BookController - [s1][BookController] 도서 조회 요청 - ID: 999
2026-04-29 12:07:38.665 [http-nio-8080-exec-5] DEBUG [8ab4d61f] [GET] [/api/v1/books/999] [127.0.0.1] c.o.s.s.e.service.BookService - 도서 조회 시작 - ID: 999
2026-04-29 12:07:38.666 [http-nio-8080-exec-5] DEBUG [8ab4d61f] [GET] [/api/v1/books/999] [127.0.0.1] org.hibernate.SQL - 
    select
        b1_0.book_id,
        b1_0.author,
        b1_0.available,
        b1_0.isbn,
        b1_0.publish_date,
        b1_0.publisher,
        b1_0.stock_quantity,
        b1_0.title 
    from
        tbl_book b1_0 
    where
        b1_0.book_id=?
2026-04-29 12:07:38.666 [http-nio-8080-exec-5] ERROR [8ab4d61f] [GET] [/api/v1/books/999] [127.0.0.1] c.o.s.s.e.service.BookService - 도서 조회 실패 - ID: 999: 해당 ID의 도서를 찾을 수 없습니다: 999
2026-04-29 12:07:38.667 [http-nio-8080-exec-5] DEBUG [8ab4d61f] [GET] [/api/v1/books/999] [127.0.0.1] o.s.w.s.m.m.a.ExceptionHandlerExceptionResolver - Using @ExceptionHandler com.ohgiraffers.stability.section01.exception.handler.GlobalExceptionHandler#handleBookNotFoundException(BookNotFoundException, HttpServletRequest)
2026-04-29 12:07:38.667 [http-nio-8080-exec-5] WARN  [8ab4d61f] [GET] [/api/v1/books/999] [127.0.0.1] c.o.s.s.e.h.GlobalExceptionHandler - [s1][GlobalExceptionHandler] 도서 조회 실패: 해당 ID의 도서를 찾을 수 없습니다: 999
2026-04-29 12:07:38.667 [http-nio-8080-exec-5] DEBUG [8ab4d61f] [GET] [/api/v1/books/999] [127.0.0.1] o.s.w.s.m.m.a.HttpEntityMethodProcessor - Using 'application/json', given [*/*] and supported [application/json, application/*+json]
2026-04-29 12:07:38.667 [http-nio-8080-exec-5] DEBUG [8ab4d61f] [GET] [/api/v1/books/999] [127.0.0.1] o.s.w.s.m.m.a.HttpEntityMethodProcessor - Writing [ErrorResponse{errorCode='BOOK_NOT_FOUND_BY_ID', message='해당 ID의 도서를 찾을 수 없습니다: 999', timestamp=2026- (truncated)...]
2026-04-29 12:07:38.668 [http-nio-8080-exec-5] WARN  [8ab4d61f] [GET] [/api/v1/books/999] [127.0.0.1] o.s.w.s.m.m.a.ExceptionHandlerExceptionResolver - Resolved [com.ohgiraffers.stability.section01.exception.exception.BookNotFoundException: 해당 ID의 도서를 찾을 수 없습니다: 999]
2026-04-29 12:07:38.668 [http-nio-8080-exec-5] DEBUG [8ab4d61f] [GET] [/api/v1/books/999] [127.0.0.1] o.s.web.servlet.DispatcherServlet - Completed 404 NOT_FOUND
2026-04-29 12:07:38.705 [http-nio-8080-exec-6] DEBUG [e03be7b7] [GET] [/api/v1/books/isbn/1234567890123] [127.0.0.1] o.s.web.servlet.DispatcherServlet - GET "/api/v1/books/isbn/1234567890123", parameters={}
2026-04-29 12:07:38.706 [http-nio-8080-exec-6] DEBUG [e03be7b7] [GET] [/api/v1/books/isbn/1234567890123] [127.0.0.1] o.s.w.s.m.m.a.RequestMappingHandlerMapping - Mapped to com.ohgiraffers.stability.section01.exception.controller.BookController#getBookByIsbn(String)
2026-04-29 12:07:38.706 [http-nio-8080-exec-6] INFO  [e03be7b7] [GET] [/api/v1/books/isbn/1234567890123] [127.0.0.1] c.o.s.s.e.controller.BookController - [s1][BookController] ISBN으로 도서 조회 요청 - ISBN: 1234567890123
2026-04-29 12:07:38.707 [http-nio-8080-exec-6] DEBUG [e03be7b7] [GET] [/api/v1/books/isbn/1234567890123] [127.0.0.1] c.o.s.s.e.service.BookService - ISBN으로 도서 조회 시작 - ISBN: 1234567890123
2026-04-29 12:07:38.709 [http-nio-8080-exec-6] DEBUG [e03be7b7] [GET] [/api/v1/books/isbn/1234567890123] [127.0.0.1] org.hibernate.SQL - 
    select
        b1_0.book_id,
        b1_0.author,
        b1_0.available,
        b1_0.isbn,
        b1_0.publish_date,
        b1_0.publisher,
        b1_0.stock_quantity,
        b1_0.title 
    from
        tbl_book b1_0 
    where
        b1_0.isbn=?
2026-04-29 12:07:38.710 [http-nio-8080-exec-6] DEBUG [e03be7b7] [GET] [/api/v1/books/isbn/1234567890123] [127.0.0.1] o.s.w.s.m.m.a.ExceptionHandlerExceptionResolver - Using @ExceptionHandler com.ohgiraffers.stability.section01.exception.handler.GlobalExceptionHandler#handleBookNotFoundException(BookNotFoundException, HttpServletRequest)
2026-04-29 12:07:38.710 [http-nio-8080-exec-6] WARN  [e03be7b7] [GET] [/api/v1/books/isbn/1234567890123] [127.0.0.1] c.o.s.s.e.h.GlobalExceptionHandler - [s1][GlobalExceptionHandler] 도서 조회 실패: 해당 ISBN의 도서를 찾을 수 없습니다: 1234567890123
2026-04-29 12:07:38.711 [http-nio-8080-exec-6] DEBUG [e03be7b7] [GET] [/api/v1/books/isbn/1234567890123] [127.0.0.1] o.s.w.s.m.m.a.HttpEntityMethodProcessor - Using 'application/json', given [*/*] and supported [application/json, application/*+json]
2026-04-29 12:07:38.711 [http-nio-8080-exec-6] DEBUG [e03be7b7] [GET] [/api/v1/books/isbn/1234567890123] [127.0.0.1] o.s.w.s.m.m.a.HttpEntityMethodProcessor - Writing [ErrorResponse{errorCode='BOOK_NOT_FOUND_BY_ISBN', message='해당 ISBN의 도서를 찾을 수 없습니다: 1234567890123', t (truncated)...]
2026-04-29 12:07:38.711 [http-nio-8080-exec-6] WARN  [e03be7b7] [GET] [/api/v1/books/isbn/1234567890123] [127.0.0.1] o.s.w.s.m.m.a.ExceptionHandlerExceptionResolver - Resolved [com.ohgiraffers.stability.section01.exception.exception.BookNotFoundException: 해당 ISBN의 도서를 찾을 수 없습니다: 1234567890123]
2026-04-29 12:07:38.712 [http-nio-8080-exec-6] DEBUG [e03be7b7] [GET] [/api/v1/books/isbn/1234567890123] [127.0.0.1] o.s.web.servlet.DispatcherServlet - Completed 404 NOT_FOUND
2026-04-29 12:07:38.768 [http-nio-8080-exec-7] DEBUG [fab893d2] [PATCH] [/api/v1/books/999/stock/increase] [127.0.0.1] o.s.web.servlet.DispatcherServlet - PATCH "/api/v1/books/999/stock/increase?quantity=5", parameters={masked}
2026-04-29 12:07:38.768 [http-nio-8080-exec-7] DEBUG [fab893d2] [PATCH] [/api/v1/books/999/stock/increase] [127.0.0.1] o.s.w.s.m.m.a.RequestMappingHandlerMapping - Mapped to com.ohgiraffers.stability.section01.exception.controller.BookController#increaseStock(Long, int)
2026-04-29 12:07:38.769 [http-nio-8080-exec-7] INFO  [fab893d2] [PATCH] [/api/v1/books/999/stock/increase] [127.0.0.1] c.o.s.s.e.controller.BookController - [s1][BookController] 재고 증가 요청 - 도서 ID: 999, 증가 수량: 5
2026-04-29 12:07:38.769 [http-nio-8080-exec-7] DEBUG [fab893d2] [PATCH] [/api/v1/books/999/stock/increase] [127.0.0.1] c.o.s.s.e.service.BookService - 재고 증가 시작 - 도서 ID: 999, 증가 수량: 5
2026-04-29 12:07:38.770 [http-nio-8080-exec-7] DEBUG [fab893d2] [PATCH] [/api/v1/books/999/stock/increase] [127.0.0.1] org.hibernate.SQL - 
    select
        b1_0.book_id,
        b1_0.author,
        b1_0.available,
        b1_0.isbn,
        b1_0.publish_date,
        b1_0.publisher,
        b1_0.stock_quantity,
        b1_0.title 
    from
        tbl_book b1_0 
    where
        b1_0.book_id=?
2026-04-29 12:07:38.771 [http-nio-8080-exec-7] DEBUG [fab893d2] [PATCH] [/api/v1/books/999/stock/increase] [127.0.0.1] o.s.w.s.m.m.a.ExceptionHandlerExceptionResolver - Using @ExceptionHandler com.ohgiraffers.stability.section01.exception.handler.GlobalExceptionHandler#handleBookNotFoundException(BookNotFoundException, HttpServletRequest)
2026-04-29 12:07:38.771 [http-nio-8080-exec-7] WARN  [fab893d2] [PATCH] [/api/v1/books/999/stock/increase] [127.0.0.1] c.o.s.s.e.h.GlobalExceptionHandler - [s1][GlobalExceptionHandler] 도서 조회 실패: 해당 ID의 도서를 찾을 수 없습니다: 999
2026-04-29 12:07:38.771 [http-nio-8080-exec-7] DEBUG [fab893d2] [PATCH] [/api/v1/books/999/stock/increase] [127.0.0.1] o.s.w.s.m.m.a.HttpEntityMethodProcessor - Using 'application/json', given [*/*] and supported [application/json, application/*+json]
2026-04-29 12:07:38.771 [http-nio-8080-exec-7] DEBUG [fab893d2] [PATCH] [/api/v1/books/999/stock/increase] [127.0.0.1] o.s.w.s.m.m.a.HttpEntityMethodProcessor - Writing [ErrorResponse{errorCode='BOOK_NOT_FOUND_BY_ID', message='해당 ID의 도서를 찾을 수 없습니다: 999', timestamp=2026- (truncated)...]
2026-04-29 12:07:38.772 [http-nio-8080-exec-7] WARN  [fab893d2] [PATCH] [/api/v1/books/999/stock/increase] [127.0.0.1] o.s.w.s.m.m.a.ExceptionHandlerExceptionResolver - Resolved [com.ohgiraffers.stability.section01.exception.exception.BookNotFoundException: 해당 ID의 도서를 찾을 수 없습니다: 999]
2026-04-29 12:07:38.772 [http-nio-8080-exec-7] DEBUG [fab893d2] [PATCH] [/api/v1/books/999/stock/increase] [127.0.0.1] o.s.web.servlet.DispatcherServlet - Completed 404 NOT_FOUND
2026-04-29 12:07:38.806 [http-nio-8080-exec-8] DEBUG [2bbf8eeb] [PUT] [/api/v1/books/999] [127.0.0.1] o.s.web.servlet.DispatcherServlet - PUT "/api/v1/books/999", parameters={}
2026-04-29 12:07:38.807 [http-nio-8080-exec-8] DEBUG [2bbf8eeb] [PUT] [/api/v1/books/999] [127.0.0.1] o.s.w.s.m.m.a.RequestMappingHandlerMapping - Mapped to com.ohgiraffers.stability.section01.exception.controller.BookController#updateBook(Long, BookDTO)
2026-04-29 12:07:38.808 [http-nio-8080-exec-8] DEBUG [2bbf8eeb] [PUT] [/api/v1/books/999] [127.0.0.1] o.s.w.s.m.m.a.RequestResponseBodyMethodProcessor - Read "application/json;charset=UTF-8" to [BookDTO{bookId=null, isbn='null', title='존재하지 않는 도서', author='테스트', publisher='테스트', publishDate=202 (truncated)...]
2026-04-29 12:07:38.808 [http-nio-8080-exec-8] INFO  [2bbf8eeb] [PUT] [/api/v1/books/999] [127.0.0.1] c.o.s.s.e.controller.BookController - [s1][BookController] 도서 정보 수정 요청 - ID: 999
2026-04-29 12:07:38.808 [http-nio-8080-exec-8] DEBUG [2bbf8eeb] [PUT] [/api/v1/books/999] [127.0.0.1] c.o.s.s.e.service.BookService - 도서 정보 수정 시작 - ID: 999
2026-04-29 12:07:38.809 [http-nio-8080-exec-8] DEBUG [2bbf8eeb] [PUT] [/api/v1/books/999] [127.0.0.1] org.hibernate.SQL - 
    select
        b1_0.book_id,
        b1_0.author,
        b1_0.available,
        b1_0.isbn,
        b1_0.publish_date,
        b1_0.publisher,
        b1_0.stock_quantity,
        b1_0.title 
    from
        tbl_book b1_0 
    where
        b1_0.book_id=?
2026-04-29 12:07:38.810 [http-nio-8080-exec-8] DEBUG [2bbf8eeb] [PUT] [/api/v1/books/999] [127.0.0.1] o.s.w.s.m.m.a.ExceptionHandlerExceptionResolver - Using @ExceptionHandler com.ohgiraffers.stability.section01.exception.handler.GlobalExceptionHandler#handleBookNotFoundException(BookNotFoundException, HttpServletRequest)
2026-04-29 12:07:38.810 [http-nio-8080-exec-8] WARN  [2bbf8eeb] [PUT] [/api/v1/books/999] [127.0.0.1] c.o.s.s.e.h.GlobalExceptionHandler - [s1][GlobalExceptionHandler] 도서 조회 실패: 해당 ID의 도서를 찾을 수 없습니다: 999
2026-04-29 12:07:38.810 [http-nio-8080-exec-8] DEBUG [2bbf8eeb] [PUT] [/api/v1/books/999] [127.0.0.1] o.s.w.s.m.m.a.HttpEntityMethodProcessor - Using 'application/json', given [*/*] and supported [application/json, application/*+json]
2026-04-29 12:07:38.810 [http-nio-8080-exec-8] DEBUG [2bbf8eeb] [PUT] [/api/v1/books/999] [127.0.0.1] o.s.w.s.m.m.a.HttpEntityMethodProcessor - Writing [ErrorResponse{errorCode='BOOK_NOT_FOUND_BY_ID', message='해당 ID의 도서를 찾을 수 없습니다: 999', timestamp=2026- (truncated)...]
2026-04-29 12:07:38.811 [http-nio-8080-exec-8] WARN  [2bbf8eeb] [PUT] [/api/v1/books/999] [127.0.0.1] o.s.w.s.m.m.a.ExceptionHandlerExceptionResolver - Resolved [com.ohgiraffers.stability.section01.exception.exception.BookNotFoundException: 해당 ID의 도서를 찾을 수 없습니다: 999]
2026-04-29 12:07:38.811 [http-nio-8080-exec-8] DEBUG [2bbf8eeb] [PUT] [/api/v1/books/999] [127.0.0.1] o.s.web.servlet.DispatcherServlet - Completed 404 NOT_FOUND
2026-04-29 12:07:38.851 [http-nio-8080-exec-9] DEBUG [5a508867] [DELETE] [/api/v1/books/999] [127.0.0.1] o.s.web.servlet.DispatcherServlet - DELETE "/api/v1/books/999", parameters={}
2026-04-29 12:07:38.851 [http-nio-8080-exec-9] DEBUG [5a508867] [DELETE] [/api/v1/books/999] [127.0.0.1] o.s.w.s.m.m.a.RequestMappingHandlerMapping - Mapped to com.ohgiraffers.stability.section01.exception.controller.BookController#deleteBook(Long)
2026-04-29 12:07:38.852 [http-nio-8080-exec-9] INFO  [5a508867] [DELETE] [/api/v1/books/999] [127.0.0.1] c.o.s.s.e.controller.BookController - [s1][BookController] 도서 삭제 요청 - ID: 999
2026-04-29 12:07:38.852 [http-nio-8080-exec-9] DEBUG [5a508867] [DELETE] [/api/v1/books/999] [127.0.0.1] c.o.s.s.e.service.BookService - 도서 삭제 시작 - ID: 999
2026-04-29 12:07:38.853 [http-nio-8080-exec-9] DEBUG [5a508867] [DELETE] [/api/v1/books/999] [127.0.0.1] org.hibernate.SQL - 
    select
        b1_0.book_id,
        b1_0.author,
        b1_0.available,
        b1_0.isbn,
        b1_0.publish_date,
        b1_0.publisher,
        b1_0.stock_quantity,
        b1_0.title 
    from
        tbl_book b1_0 
    where
        b1_0.book_id=?
2026-04-29 12:07:38.854 [http-nio-8080-exec-9] DEBUG [5a508867] [DELETE] [/api/v1/books/999] [127.0.0.1] o.s.w.s.m.m.a.ExceptionHandlerExceptionResolver - Using @ExceptionHandler com.ohgiraffers.stability.section01.exception.handler.GlobalExceptionHandler#handleBookNotFoundException(BookNotFoundException, HttpServletRequest)
2026-04-29 12:07:38.854 [http-nio-8080-exec-9] WARN  [5a508867] [DELETE] [/api/v1/books/999] [127.0.0.1] c.o.s.s.e.h.GlobalExceptionHandler - [s1][GlobalExceptionHandler] 도서 조회 실패: 해당 ID의 도서를 찾을 수 없습니다: 999
2026-04-29 12:07:38.854 [http-nio-8080-exec-9] DEBUG [5a508867] [DELETE] [/api/v1/books/999] [127.0.0.1] o.s.w.s.m.m.a.HttpEntityMethodProcessor - Using 'application/json', given [*/*] and supported [application/json, application/*+json]
2026-04-29 12:07:38.854 [http-nio-8080-exec-9] DEBUG [5a508867] [DELETE] [/api/v1/books/999] [127.0.0.1] o.s.w.s.m.m.a.HttpEntityMethodProcessor - Writing [ErrorResponse{errorCode='BOOK_NOT_FOUND_BY_ID', message='해당 ID의 도서를 찾을 수 없습니다: 999', timestamp=2026- (truncated)...]
2026-04-29 12:07:38.855 [http-nio-8080-exec-9] WARN  [5a508867] [DELETE] [/api/v1/books/999] [127.0.0.1] o.s.w.s.m.m.a.ExceptionHandlerExceptionResolver - Resolved [com.ohgiraffers.stability.section01.exception.exception.BookNotFoundException: 해당 ID의 도서를 찾을 수 없습니다: 999]
2026-04-29 12:07:38.855 [http-nio-8080-exec-9] DEBUG [5a508867] [DELETE] [/api/v1/books/999] [127.0.0.1] o.s.web.servlet.DispatcherServlet - Completed 404 NOT_FOUND
2026-04-29 12:07:38.888 [http-nio-8080-exec-10] DEBUG [ee64ed9e] [POST] [/api/v1/books] [127.0.0.1] o.s.web.servlet.DispatcherServlet - POST "/api/v1/books", parameters={}
2026-04-29 12:07:38.888 [http-nio-8080-exec-10] DEBUG [ee64ed9e] [POST] [/api/v1/books] [127.0.0.1] o.s.w.s.m.m.a.RequestMappingHandlerMapping - Mapped to com.ohgiraffers.stability.section01.exception.controller.BookController#registerBook(BookDTO)
2026-04-29 12:07:38.889 [http-nio-8080-exec-10] DEBUG [ee64ed9e] [POST] [/api/v1/books] [127.0.0.1] o.s.w.s.m.m.a.RequestResponseBodyMethodProcessor - Read "application/json;charset=UTF-8" to [BookDTO{bookId=null, isbn='9788966262281', title='중복 ISBN 테스트 도서', author='테스트 저자', publisher='테스트 출 (truncated)...]
2026-04-29 12:07:38.889 [http-nio-8080-exec-10] INFO  [ee64ed9e] [POST] [/api/v1/books] [127.0.0.1] c.o.s.s.e.controller.BookController - [s1][BookController] 도서 등록 요청 - ISBN: 9788966262281, 제목: 중복 ISBN 테스트 도서
2026-04-29 12:07:38.889 [http-nio-8080-exec-10] DEBUG [ee64ed9e] [POST] [/api/v1/books] [127.0.0.1] c.o.s.s.e.service.BookService - 도서 등록 시작 - ISBN: 9788966262281, 제목: 중복 ISBN 테스트 도서
2026-04-29 12:07:38.891 [http-nio-8080-exec-10] DEBUG [ee64ed9e] [POST] [/api/v1/books] [127.0.0.1] org.hibernate.SQL - 
    select
        b1_0.book_id 
    from
        tbl_book b1_0 
    where
        b1_0.isbn=? 
    fetch
        first ? rows only
2026-04-29 12:07:38.892 [http-nio-8080-exec-10] DEBUG [ee64ed9e] [POST] [/api/v1/books] [127.0.0.1] o.s.w.s.m.m.a.ExceptionHandlerExceptionResolver - Using @ExceptionHandler com.ohgiraffers.stability.section01.exception.handler.GlobalExceptionHandler#handleDuplicateIsbnException(DuplicateIsbnException, HttpServletRequest)
2026-04-29 12:07:38.892 [http-nio-8080-exec-10] WARN  [ee64ed9e] [POST] [/api/v1/books] [127.0.0.1] c.o.s.s.e.h.GlobalExceptionHandler - [s1][GlobalExceptionHandler] 중복 ISBN 등록 시도: 이미 존재하는 ISBN입니다: 9788966262281
2026-04-29 12:07:38.892 [http-nio-8080-exec-10] DEBUG [ee64ed9e] [POST] [/api/v1/books] [127.0.0.1] o.s.w.s.m.m.a.HttpEntityMethodProcessor - Using 'application/json', given [*/*] and supported [application/json, application/*+json]
2026-04-29 12:07:38.892 [http-nio-8080-exec-10] DEBUG [ee64ed9e] [POST] [/api/v1/books] [127.0.0.1] o.s.w.s.m.m.a.HttpEntityMethodProcessor - Writing [ErrorResponse{errorCode='DUPLICATE_ISBN', message='이미 존재하는 ISBN입니다: 9788966262281', timestamp=2026-0 (truncated)...]
2026-04-29 12:07:38.893 [http-nio-8080-exec-10] WARN  [ee64ed9e] [POST] [/api/v1/books] [127.0.0.1] o.s.w.s.m.m.a.ExceptionHandlerExceptionResolver - Resolved [com.ohgiraffers.stability.section01.exception.exception.DuplicateIsbnException: 이미 존재하는 ISBN입니다: 9788966262281]
2026-04-29 12:07:38.893 [http-nio-8080-exec-10] DEBUG [ee64ed9e] [POST] [/api/v1/books] [127.0.0.1] o.s.web.servlet.DispatcherServlet - Completed 409 CONFLICT
2026-04-29 12:07:38.921 [http-nio-8080-exec-1] DEBUG [3bfb3e41] [GET] [/api/v1/books/3] [127.0.0.1] o.s.web.servlet.DispatcherServlet - GET "/api/v1/books/3", parameters={}
2026-04-29 12:07:38.921 [http-nio-8080-exec-1] DEBUG [3bfb3e41] [GET] [/api/v1/books/3] [127.0.0.1] o.s.w.s.m.m.a.RequestMappingHandlerMapping - Mapped to com.ohgiraffers.stability.section01.exception.controller.BookController#getBookById(Long)
2026-04-29 12:07:38.922 [http-nio-8080-exec-1] INFO  [3bfb3e41] [GET] [/api/v1/books/3] [127.0.0.1] c.o.s.s.e.controller.BookController - [s1][BookController] 도서 조회 요청 - ID: 3
2026-04-29 12:07:38.922 [http-nio-8080-exec-1] DEBUG [3bfb3e41] [GET] [/api/v1/books/3] [127.0.0.1] c.o.s.s.e.service.BookService - 도서 조회 시작 - ID: 3
2026-04-29 12:07:38.923 [http-nio-8080-exec-1] DEBUG [3bfb3e41] [GET] [/api/v1/books/3] [127.0.0.1] org.hibernate.SQL - 
    select
        b1_0.book_id,
        b1_0.author,
        b1_0.available,
        b1_0.isbn,
        b1_0.publish_date,
        b1_0.publisher,
        b1_0.stock_quantity,
        b1_0.title 
    from
        tbl_book b1_0 
    where
        b1_0.book_id=?
2026-04-29 12:07:38.924 [http-nio-8080-exec-1] DEBUG [3bfb3e41] [GET] [/api/v1/books/3] [127.0.0.1] c.o.s.s.e.service.BookService - 도서 조회 완료 - 제목: Effective Java 3/E
2026-04-29 12:07:38.924 [http-nio-8080-exec-1] INFO  [3bfb3e41] [GET] [/api/v1/books/3] [127.0.0.1] c.o.s.s.e.controller.BookController - [s1][BookController] 도서 조회 완료 - ID: 3, 제목: Effective Java 3/E
2026-04-29 12:07:38.925 [http-nio-8080-exec-1] DEBUG [3bfb3e41] [GET] [/api/v1/books/3] [127.0.0.1] o.s.w.s.m.m.a.HttpEntityMethodProcessor - Using 'application/json', given [*/*] and supported [application/json, application/*+json]
2026-04-29 12:07:38.925 [http-nio-8080-exec-1] DEBUG [3bfb3e41] [GET] [/api/v1/books/3] [127.0.0.1] o.s.w.s.m.m.a.HttpEntityMethodProcessor - Writing [BookDTO{bookId=3, isbn='9788960773417', title='Effective Java 3/E', author='조슈아 블로크', publisher='인사이 (truncated)...]
2026-04-29 12:07:38.926 [http-nio-8080-exec-1] DEBUG [3bfb3e41] [GET] [/api/v1/books/3] [127.0.0.1] o.s.web.servlet.DispatcherServlet - Completed 200 OK
2026-04-29 12:07:38.963 [http-nio-8080-exec-2] DEBUG [ea259156] [PATCH] [/api/v1/books/3/stock/decrease] [127.0.0.1] o.s.web.servlet.DispatcherServlet - PATCH "/api/v1/books/3/stock/decrease?quantity=10", parameters={masked}
2026-04-29 12:07:38.964 [http-nio-8080-exec-2] DEBUG [ea259156] [PATCH] [/api/v1/books/3/stock/decrease] [127.0.0.1] o.s.w.s.m.m.a.RequestMappingHandlerMapping - Mapped to com.ohgiraffers.stability.section01.exception.controller.BookController#decreaseStock(Long, int)
2026-04-29 12:07:38.964 [http-nio-8080-exec-2] INFO  [ea259156] [PATCH] [/api/v1/books/3/stock/decrease] [127.0.0.1] c.o.s.s.e.controller.BookController - [s1][BookController] 재고 감소 요청 - 도서 ID: 3, 감소 수량: 10
2026-04-29 12:07:38.965 [http-nio-8080-exec-2] DEBUG [ea259156] [PATCH] [/api/v1/books/3/stock/decrease] [127.0.0.1] c.o.s.s.e.service.BookService - 재고 감소 시작 - 도서 ID: 3, 감소 수량: 10
2026-04-29 12:07:38.966 [http-nio-8080-exec-2] DEBUG [ea259156] [PATCH] [/api/v1/books/3/stock/decrease] [127.0.0.1] org.hibernate.SQL - 
    select
        b1_0.book_id,
        b1_0.author,
        b1_0.available,
        b1_0.isbn,
        b1_0.publish_date,
        b1_0.publisher,
        b1_0.stock_quantity,
        b1_0.title 
    from
        tbl_book b1_0 
    where
        b1_0.book_id=?
2026-04-29 12:07:38.967 [http-nio-8080-exec-2] DEBUG [ea259156] [PATCH] [/api/v1/books/3/stock/decrease] [127.0.0.1] o.s.w.s.m.m.a.ExceptionHandlerExceptionResolver - Using @ExceptionHandler com.ohgiraffers.stability.section01.exception.handler.GlobalExceptionHandler#handleInsufficientStockException(InsufficientStockException, HttpServletRequest)
2026-04-29 12:07:38.968 [http-nio-8080-exec-2] WARN  [ea259156] [PATCH] [/api/v1/books/3/stock/decrease] [127.0.0.1] c.o.s.s.e.h.GlobalExceptionHandler - [s1][GlobalExceptionHandler] 재고 부족: 재고가 부족합니다. 도서: Effective Java 3/E, 요청 수량: 10, 현재 재고: 3
2026-04-29 12:07:38.968 [http-nio-8080-exec-2] DEBUG [ea259156] [PATCH] [/api/v1/books/3/stock/decrease] [127.0.0.1] o.s.w.s.m.m.a.HttpEntityMethodProcessor - Using 'application/json', given [*/*] and supported [application/json, application/*+json]
2026-04-29 12:07:38.968 [http-nio-8080-exec-2] DEBUG [ea259156] [PATCH] [/api/v1/books/3/stock/decrease] [127.0.0.1] o.s.w.s.m.m.a.HttpEntityMethodProcessor - Writing [ErrorResponse{errorCode='INSUFFICIENT_STOCK', message='재고가 부족합니다. 도서: Effective Java 3/E, 요청 수량: 10, (truncated)...]
2026-04-29 12:07:38.969 [http-nio-8080-exec-2] WARN  [ea259156] [PATCH] [/api/v1/books/3/stock/decrease] [127.0.0.1] o.s.w.s.m.m.a.ExceptionHandlerExceptionResolver - Resolved [com.ohgiraffers.stability.section01.exception.exception.InsufficientStockException: 재고가 부족합니다. 도서: Effective Java 3/E, 요청 수량: 10, 현재 재고: 3]
2026-04-29 12:07:38.969 [http-nio-8080-exec-2] DEBUG [ea259156] [PATCH] [/api/v1/books/3/stock/decrease] [127.0.0.1] o.s.web.servlet.DispatcherServlet - Completed 400 BAD_REQUEST
2026-04-29 12:07:39.018 [http-nio-8080-exec-3] DEBUG [b4d9b3fa] [PATCH] [/api/v1/books/3/stock/decrease] [127.0.0.1] o.s.web.servlet.DispatcherServlet - PATCH "/api/v1/books/3/stock/decrease?quantity=3", parameters={masked}
2026-04-29 12:07:39.019 [http-nio-8080-exec-3] DEBUG [b4d9b3fa] [PATCH] [/api/v1/books/3/stock/decrease] [127.0.0.1] o.s.w.s.m.m.a.RequestMappingHandlerMapping - Mapped to com.ohgiraffers.stability.section01.exception.controller.BookController#decreaseStock(Long, int)
2026-04-29 12:07:39.019 [http-nio-8080-exec-3] INFO  [b4d9b3fa] [PATCH] [/api/v1/books/3/stock/decrease] [127.0.0.1] c.o.s.s.e.controller.BookController - [s1][BookController] 재고 감소 요청 - 도서 ID: 3, 감소 수량: 3
2026-04-29 12:07:39.020 [http-nio-8080-exec-3] DEBUG [b4d9b3fa] [PATCH] [/api/v1/books/3/stock/decrease] [127.0.0.1] c.o.s.s.e.service.BookService - 재고 감소 시작 - 도서 ID: 3, 감소 수량: 3
2026-04-29 12:07:39.020 [http-nio-8080-exec-3] DEBUG [b4d9b3fa] [PATCH] [/api/v1/books/3/stock/decrease] [127.0.0.1] org.hibernate.SQL - 
    select
        b1_0.book_id,
        b1_0.author,
        b1_0.available,
        b1_0.isbn,
        b1_0.publish_date,
        b1_0.publisher,
        b1_0.stock_quantity,
        b1_0.title 
    from
        tbl_book b1_0 
    where
        b1_0.book_id=?
2026-04-29 12:07:39.021 [http-nio-8080-exec-3] INFO  [b4d9b3fa] [PATCH] [/api/v1/books/3/stock/decrease] [127.0.0.1] c.o.s.s.e.service.BookService - [s1][BookService] 재고 감소 완료 - 도서 ID: 3, 현재 재고: 0
2026-04-29 12:07:39.022 [http-nio-8080-exec-3] DEBUG [b4d9b3fa] [PATCH] [/api/v1/books/3/stock/decrease] [127.0.0.1] org.hibernate.SQL - 
    update
        tbl_book 
    set
        author=?,
        available=?,
        isbn=?,
        publish_date=?,
        publisher=?,
        stock_quantity=?,
        title=? 
    where
        book_id=?
2026-04-29 12:07:39.023 [http-nio-8080-exec-3] INFO  [b4d9b3fa] [PATCH] [/api/v1/books/3/stock/decrease] [127.0.0.1] c.o.s.s.e.controller.BookController - [s1][BookController] 재고 감소 완료 - 도서 ID: 3, 현재 재고: 0
2026-04-29 12:07:39.023 [http-nio-8080-exec-3] DEBUG [b4d9b3fa] [PATCH] [/api/v1/books/3/stock/decrease] [127.0.0.1] o.s.w.s.m.m.a.HttpEntityMethodProcessor - Using 'application/json', given [*/*] and supported [application/json, application/*+json]
2026-04-29 12:07:39.023 [http-nio-8080-exec-3] DEBUG [b4d9b3fa] [PATCH] [/api/v1/books/3/stock/decrease] [127.0.0.1] o.s.w.s.m.m.a.HttpEntityMethodProcessor - Writing [BookDTO{bookId=3, isbn='9788960773417', title='Effective Java 3/E', author='조슈아 블로크', publisher='인사이 (truncated)...]
2026-04-29 12:07:39.024 [http-nio-8080-exec-3] DEBUG [b4d9b3fa] [PATCH] [/api/v1/books/3/stock/decrease] [127.0.0.1] o.s.web.servlet.DispatcherServlet - Completed 200 OK
2026-04-29 12:07:39.060 [http-nio-8080-exec-4] DEBUG [60b300e4] [PATCH] [/api/v1/books/1/stock/increase] [127.0.0.1] o.s.web.servlet.DispatcherServlet - PATCH "/api/v1/books/1/stock/increase?quantity=-5", parameters={masked}
2026-04-29 12:07:39.060 [http-nio-8080-exec-4] DEBUG [60b300e4] [PATCH] [/api/v1/books/1/stock/increase] [127.0.0.1] o.s.w.s.m.m.a.RequestMappingHandlerMapping - Mapped to com.ohgiraffers.stability.section01.exception.controller.BookController#increaseStock(Long, int)
2026-04-29 12:07:39.061 [http-nio-8080-exec-4] INFO  [60b300e4] [PATCH] [/api/v1/books/1/stock/increase] [127.0.0.1] c.o.s.s.e.controller.BookController - [s1][BookController] 재고 증가 요청 - 도서 ID: 1, 증가 수량: -5
2026-04-29 12:07:39.062 [http-nio-8080-exec-4] DEBUG [60b300e4] [PATCH] [/api/v1/books/1/stock/increase] [127.0.0.1] c.o.s.s.e.service.BookService - 재고 증가 시작 - 도서 ID: 1, 증가 수량: -5
2026-04-29 12:07:39.063 [http-nio-8080-exec-4] DEBUG [60b300e4] [PATCH] [/api/v1/books/1/stock/increase] [127.0.0.1] org.hibernate.SQL - 
    select
        b1_0.book_id,
        b1_0.author,
        b1_0.available,
        b1_0.isbn,
        b1_0.publish_date,
        b1_0.publisher,
        b1_0.stock_quantity,
        b1_0.title 
    from
        tbl_book b1_0 
    where
        b1_0.book_id=?
2026-04-29 12:07:39.064 [http-nio-8080-exec-4] INFO  [60b300e4] [PATCH] [/api/v1/books/1/stock/increase] [127.0.0.1] c.o.s.s.e.service.BookService - [s1][BookService] 재고 증가 완료 - 도서 ID: 1, 현재 재고: 7
2026-04-29 12:07:39.065 [http-nio-8080-exec-4] DEBUG [60b300e4] [PATCH] [/api/v1/books/1/stock/increase] [127.0.0.1] org.hibernate.SQL - 
    update
        tbl_book 
    set
        author=?,
        available=?,
        isbn=?,
        publish_date=?,
        publisher=?,
        stock_quantity=?,
        title=? 
    where
        book_id=?
2026-04-29 12:07:39.067 [http-nio-8080-exec-4] INFO  [60b300e4] [PATCH] [/api/v1/books/1/stock/increase] [127.0.0.1] c.o.s.s.e.controller.BookController - [s1][BookController] 재고 증가 완료 - 도서 ID: 1, 현재 재고: 7
2026-04-29 12:07:39.067 [http-nio-8080-exec-4] DEBUG [60b300e4] [PATCH] [/api/v1/books/1/stock/increase] [127.0.0.1] o.s.w.s.m.m.a.HttpEntityMethodProcessor - Using 'application/json', given [*/*] and supported [application/json, application/*+json]
2026-04-29 12:07:39.067 [http-nio-8080-exec-4] DEBUG [60b300e4] [PATCH] [/api/v1/books/1/stock/increase] [127.0.0.1] o.s.w.s.m.m.a.HttpEntityMethodProcessor - Writing [BookDTO{bookId=1, isbn='9788966262281', title='스프링 부트와 AWS로 혼자 구현하는 웹 서비스 (개정판)', author='이동욱', publ (truncated)...]
2026-04-29 12:07:39.068 [http-nio-8080-exec-4] DEBUG [60b300e4] [PATCH] [/api/v1/books/1/stock/increase] [127.0.0.1] o.s.web.servlet.DispatcherServlet - Completed 200 OK
2026-04-29 12:07:39.123 [http-nio-8080-exec-5] DEBUG [f1003fea] [PATCH] [/api/v1/books/1/stock/decrease] [127.0.0.1] o.s.web.servlet.DispatcherServlet - PATCH "/api/v1/books/1/stock/decrease?quantity=-3", parameters={masked}
2026-04-29 12:07:39.124 [http-nio-8080-exec-5] DEBUG [f1003fea] [PATCH] [/api/v1/books/1/stock/decrease] [127.0.0.1] o.s.w.s.m.m.a.RequestMappingHandlerMapping - Mapped to com.ohgiraffers.stability.section01.exception.controller.BookController#decreaseStock(Long, int)
2026-04-29 12:07:39.124 [http-nio-8080-exec-5] INFO  [f1003fea] [PATCH] [/api/v1/books/1/stock/decrease] [127.0.0.1] c.o.s.s.e.controller.BookController - [s1][BookController] 재고 감소 요청 - 도서 ID: 1, 감소 수량: -3
2026-04-29 12:07:39.124 [http-nio-8080-exec-5] DEBUG [f1003fea] [PATCH] [/api/v1/books/1/stock/decrease] [127.0.0.1] c.o.s.s.e.service.BookService - 재고 감소 시작 - 도서 ID: 1, 감소 수량: -3
2026-04-29 12:07:39.125 [http-nio-8080-exec-5] DEBUG [f1003fea] [PATCH] [/api/v1/books/1/stock/decrease] [127.0.0.1] org.hibernate.SQL - 
    select
        b1_0.book_id,
        b1_0.author,
        b1_0.available,
        b1_0.isbn,
        b1_0.publish_date,
        b1_0.publisher,
        b1_0.stock_quantity,
        b1_0.title 
    from
        tbl_book b1_0 
    where
        b1_0.book_id=?
2026-04-29 12:07:39.126 [http-nio-8080-exec-5] INFO  [f1003fea] [PATCH] [/api/v1/books/1/stock/decrease] [127.0.0.1] c.o.s.s.e.service.BookService - [s1][BookService] 재고 감소 완료 - 도서 ID: 1, 현재 재고: 10
2026-04-29 12:07:39.127 [http-nio-8080-exec-5] DEBUG [f1003fea] [PATCH] [/api/v1/books/1/stock/decrease] [127.0.0.1] org.hibernate.SQL - 
    update
        tbl_book 
    set
        author=?,
        available=?,
        isbn=?,
        publish_date=?,
        publisher=?,
        stock_quantity=?,
        title=? 
    where
        book_id=?
2026-04-29 12:07:39.128 [http-nio-8080-exec-5] INFO  [f1003fea] [PATCH] [/api/v1/books/1/stock/decrease] [127.0.0.1] c.o.s.s.e.controller.BookController - [s1][BookController] 재고 감소 완료 - 도서 ID: 1, 현재 재고: 10
2026-04-29 12:07:39.128 [http-nio-8080-exec-5] DEBUG [f1003fea] [PATCH] [/api/v1/books/1/stock/decrease] [127.0.0.1] o.s.w.s.m.m.a.HttpEntityMethodProcessor - Using 'application/json', given [*/*] and supported [application/json, application/*+json]
2026-04-29 12:07:39.128 [http-nio-8080-exec-5] DEBUG [f1003fea] [PATCH] [/api/v1/books/1/stock/decrease] [127.0.0.1] o.s.w.s.m.m.a.HttpEntityMethodProcessor - Writing [BookDTO{bookId=1, isbn='9788966262281', title='스프링 부트와 AWS로 혼자 구현하는 웹 서비스 (개정판)', author='이동욱', publ (truncated)...]
2026-04-29 12:07:39.130 [http-nio-8080-exec-5] DEBUG [f1003fea] [PATCH] [/api/v1/books/1/stock/decrease] [127.0.0.1] o.s.web.servlet.DispatcherServlet - Completed 200 OK
2026-04-29 12:07:39.154 [http-nio-8080-exec-6] DEBUG [f7c4707f] [POST] [/api/v1/books] [127.0.0.1] o.s.web.servlet.DispatcherServlet - POST "/api/v1/books", parameters={}
2026-04-29 12:07:39.154 [http-nio-8080-exec-6] DEBUG [f7c4707f] [POST] [/api/v1/books] [127.0.0.1] o.s.w.s.m.m.a.RequestMappingHandlerMapping - Mapped to com.ohgiraffers.stability.section01.exception.controller.BookController#registerBook(BookDTO)
2026-04-29 12:07:39.159 [http-nio-8080-exec-6] DEBUG [f7c4707f] [POST] [/api/v1/books] [127.0.0.1] o.s.web.method.HandlerMethod - Could not resolve parameter [0] in public org.springframework.http.ResponseEntity<com.ohgiraffers.stability.section01.exception.dto.BookDTO> com.ohgiraffers.stability.section01.exception.controller.BookController.registerBook(com.ohgiraffers.stability.section01.exception.dto.BookDTO): JSON parse error: Cannot deserialize value of type `java.time.LocalDate` from String "잘못된 날짜 형식": Failed to deserialize java.time.LocalDate: (java.time.format.DateTimeParseException) Text '잘못된 날짜 형식' could not be parsed at index 0
2026-04-29 12:07:39.159 [http-nio-8080-exec-6] DEBUG [f7c4707f] [POST] [/api/v1/books] [127.0.0.1] o.s.w.s.m.m.a.ExceptionHandlerExceptionResolver - Using @ExceptionHandler com.ohgiraffers.stability.section01.exception.handler.GlobalExceptionHandler#handleGenericException(Exception, HttpServletRequest)
2026-04-29 12:07:39.159 [http-nio-8080-exec-6] ERROR [f7c4707f] [POST] [/api/v1/books] [127.0.0.1] c.o.s.s.e.h.GlobalExceptionHandler - [s1][GlobalExceptionHandler] 예상하지 못한 오류 발생
org.springframework.http.converter.HttpMessageNotReadableException: JSON parse error: Cannot deserialize value of type `java.time.LocalDate` from String "잘못된 날짜 형식": Failed to deserialize java.time.LocalDate: (java.time.format.DateTimeParseException) Text '잘못된 날짜 형식' could not be parsed at index 0
	at org.springframework.http.converter.json.AbstractJackson2HttpMessageConverter.readJavaType(AbstractJackson2HttpMessageConverter.java:408)
	at org.springframework.http.converter.json.AbstractJackson2HttpMessageConverter.read(AbstractJackson2HttpMessageConverter.java:356)
	at org.springframework.web.servlet.mvc.method.annotation.AbstractMessageConverterMethodArgumentResolver.readWithMessageConverters(AbstractMessageConverterMethodArgumentResolver.java:204)
	at org.springframework.web.servlet.mvc.method.annotation.RequestResponseBodyMethodProcessor.readWithMessageConverters(RequestResponseBodyMethodProcessor.java:176)
	at org.springframework.web.servlet.mvc.method.annotation.RequestResponseBodyMethodProcessor.resolveArgument(RequestResponseBodyMethodProcessor.java:150)
	at org.springframework.web.method.support.HandlerMethodArgumentResolverComposite.resolveArgument(HandlerMethodArgumentResolverComposite.java:122)
	at org.springframework.web.method.support.InvocableHandlerMethod.getMethodArgumentValues(InvocableHandlerMethod.java:227)
	at org.springframework.web.method.support.InvocableHandlerMethod.invokeForRequest(InvocableHandlerMethod.java:181)
	at org.springframework.web.servlet.mvc.method.annotation.ServletInvocableHandlerMethod.invokeAndHandle(ServletInvocableHandlerMethod.java:118)
	at org.springframework.web.servlet.mvc.method.annotation.RequestMappingHandlerAdapter.invokeHandlerMethod(RequestMappingHandlerAdapter.java:991)
	at org.springframework.web.servlet.mvc.method.annotation.RequestMappingHandlerAdapter.handleInternal(RequestMappingHandlerAdapter.java:896)
	at org.springframework.web.servlet.mvc.method.AbstractHandlerMethodAdapter.handle(AbstractHandlerMethodAdapter.java:87)
	at org.springframework.web.servlet.DispatcherServlet.doDispatch(DispatcherServlet.java:1089)
	at org.springframework.web.servlet.DispatcherServlet.doService(DispatcherServlet.java:979)
	at org.springframework.web.servlet.FrameworkServlet.processRequest(FrameworkServlet.java:1014)
	at org.springframework.web.servlet.FrameworkServlet.doPost(FrameworkServlet.java:914)
	at jakarta.servlet.http.HttpServlet.service(HttpServlet.java:590)
	at org.springframework.web.servlet.FrameworkServlet.service(FrameworkServlet.java:885)
	at jakarta.servlet.http.HttpServlet.service(HttpServlet.java:658)
	at org.apache.catalina.core.ApplicationFilterChain.internalDoFilter(ApplicationFilterChain.java:193)
	at org.apache.catalina.core.ApplicationFilterChain.doFilter(ApplicationFilterChain.java:138)
	at org.apache.tomcat.websocket.server.WsFilter.doFilter(WsFilter.java:51)
	at org.apache.catalina.core.ApplicationFilterChain.internalDoFilter(ApplicationFilterChain.java:162)
	at org.apache.catalina.core.ApplicationFilterChain.doFilter(ApplicationFilterChain.java:138)
	at com.ohgiraffers.stability.section02.logging.config.LoggingConfig$1.doFilterInternal(LoggingConfig.java:80)
	at org.springframework.web.filter.OncePerRequestFilter.doFilter(OncePerRequestFilter.java:116)
	at org.apache.catalina.core.ApplicationFilterChain.internalDoFilter(ApplicationFilterChain.java:162)
	at org.apache.catalina.core.ApplicationFilterChain.doFilter(ApplicationFilterChain.java:138)
	at org.springframework.web.filter.RequestContextFilter.doFilterInternal(RequestContextFilter.java:100)
	at org.springframework.web.filter.OncePerRequestFilter.doFilter(OncePerRequestFilter.java:116)
	at org.apache.catalina.core.ApplicationFilterChain.internalDoFilter(ApplicationFilterChain.java:162)
	at org.apache.catalina.core.ApplicationFilterChain.doFilter(ApplicationFilterChain.java:138)
	at org.springframework.web.filter.FormContentFilter.doFilterInternal(FormContentFilter.java:93)
	at org.springframework.web.filter.OncePerRequestFilter.doFilter(OncePerRequestFilter.java:116)
	at org.apache.catalina.core.ApplicationFilterChain.internalDoFilter(ApplicationFilterChain.java:162)
	at org.apache.catalina.core.ApplicationFilterChain.doFilter(ApplicationFilterChain.java:138)
	at org.springframework.web.filter.CharacterEncodingFilter.doFilterInternal(CharacterEncodingFilter.java:201)
	at org.springframework.web.filter.OncePerRequestFilter.doFilter(OncePerRequestFilter.java:116)
	at org.apache.catalina.core.ApplicationFilterChain.internalDoFilter(ApplicationFilterChain.java:162)
	at org.apache.catalina.core.ApplicationFilterChain.doFilter(ApplicationFilterChain.java:138)
	at org.apache.catalina.core.StandardWrapperValve.invoke(StandardWrapperValve.java:165)
	at org.apache.catalina.core.StandardContextValve.invoke(StandardContextValve.java:88)
	at org.apache.catalina.authenticator.AuthenticatorBase.invoke(AuthenticatorBase.java:482)
	at org.apache.catalina.core.StandardHostValve.invoke(StandardHostValve.java:113)
	at org.apache.catalina.valves.ErrorReportValve.invoke(ErrorReportValve.java:83)
	at org.apache.catalina.core.StandardEngineValve.invoke(StandardEngineValve.java:72)
	at org.apache.catalina.connector.CoyoteAdapter.service(CoyoteAdapter.java:342)
	at org.apache.coyote.http11.Http11Processor.service(Http11Processor.java:399)
	at org.apache.coyote.AbstractProcessorLight.process(AbstractProcessorLight.java:63)
	at org.apache.coyote.AbstractProtocol$ConnectionHandler.process(AbstractProtocol.java:903)
	at org.apache.tomcat.util.net.NioEndpoint$SocketProcessor.doRun(NioEndpoint.java:1774)
	at org.apache.tomcat.util.net.SocketProcessorBase.run(SocketProcessorBase.java:52)
	at org.apache.tomcat.util.threads.ThreadPoolExecutor.runWorker(ThreadPoolExecutor.java:973)
	at org.apache.tomcat.util.threads.ThreadPoolExecutor$Worker.run(ThreadPoolExecutor.java:491)
	at org.apache.tomcat.util.threads.TaskThread$WrappingRunnable.run(TaskThread.java:63)
	at java.base/java.lang.Thread.run(Thread.java:840)
Caused by: com.fasterxml.jackson.databind.exc.InvalidFormatException: Cannot deserialize value of type `java.time.LocalDate` from String "잘못된 날짜 형식": Failed to deserialize java.time.LocalDate: (java.time.format.DateTimeParseException) Text '잘못된 날짜 형식' could not be parsed at index 0
 at [Source: REDACTED (`StreamReadFeature.INCLUDE_SOURCE_IN_LOCATION` disabled); line: 6, column: 18] (through reference chain: com.ohgiraffers.stability.section01.exception.dto.BookDTO["publishDate"])
	at com.fasterxml.jackson.databind.exc.InvalidFormatException.from(InvalidFormatException.java:67)
	at com.fasterxml.jackson.databind.DeserializationContext.weirdStringException(DeserializationContext.java:1959)
	at com.fasterxml.jackson.databind.DeserializationContext.handleWeirdStringValue(DeserializationContext.java:1245)
	at com.fasterxml.jackson.datatype.jsr310.deser.JSR310DeserializerBase._handleDateTimeException(JSR310DeserializerBase.java:176)
	at com.fasterxml.jackson.datatype.jsr310.deser.LocalDateDeserializer._fromString(LocalDateDeserializer.java:178)
	at com.fasterxml.jackson.datatype.jsr310.deser.LocalDateDeserializer.deserialize(LocalDateDeserializer.java:91)
	at com.fasterxml.jackson.datatype.jsr310.deser.LocalDateDeserializer.deserialize(LocalDateDeserializer.java:37)
	at com.fasterxml.jackson.databind.deser.impl.MethodProperty.deserializeAndSet(MethodProperty.java:129)
	at com.fasterxml.jackson.databind.deser.BeanDeserializer.deserializeFromObject(BeanDeserializer.java:399)
	at com.fasterxml.jackson.databind.deser.BeanDeserializer.deserialize(BeanDeserializer.java:185)
	at com.fasterxml.jackson.databind.deser.DefaultDeserializationContext.readRootValue(DefaultDeserializationContext.java:342)
	at com.fasterxml.jackson.databind.ObjectReader._bindAndClose(ObjectReader.java:2131)
	at com.fasterxml.jackson.databind.ObjectReader.readValue(ObjectReader.java:1501)
	at org.springframework.http.converter.json.AbstractJackson2HttpMessageConverter.readJavaType(AbstractJackson2HttpMessageConverter.java:397)
	... 55 common frames omitted
Caused by: java.time.format.DateTimeParseException: Text '잘못된 날짜 형식' could not be parsed at index 0
	at java.base/java.time.format.DateTimeFormatter.parseResolved0(DateTimeFormatter.java:2052)
	at java.base/java.time.format.DateTimeFormatter.parse(DateTimeFormatter.java:1954)
	at java.base/java.time.LocalDate.parse(LocalDate.java:430)
	at com.fasterxml.jackson.datatype.jsr310.deser.LocalDateDeserializer._fromString(LocalDateDeserializer.java:176)
	... 64 common frames omitted
2026-04-29 12:07:39.161 [http-nio-8080-exec-6] DEBUG [f7c4707f] [POST] [/api/v1/books] [127.0.0.1] o.s.w.s.m.m.a.HttpEntityMethodProcessor - Using 'application/json', given [*/*] and supported [application/json, application/*+json]
2026-04-29 12:07:39.161 [http-nio-8080-exec-6] DEBUG [f7c4707f] [POST] [/api/v1/books] [127.0.0.1] o.s.w.s.m.m.a.HttpEntityMethodProcessor - Writing [ErrorResponse{errorCode='INTERNAL_SERVER_ERROR', message='서버 내부 오류가 발생했습니다.', timestamp=2026-04-29T1 (truncated)...]
2026-04-29 12:07:39.161 [http-nio-8080-exec-6] WARN  [f7c4707f] [POST] [/api/v1/books] [127.0.0.1] o.s.w.s.m.m.a.ExceptionHandlerExceptionResolver - Resolved [org.springframework.http.converter.HttpMessageNotReadableException: JSON parse error: Cannot deserialize value of type `java.time.LocalDate` from String "잘못된 날짜 형식": Failed to deserialize java.time.LocalDate: (java.time.format.DateTimeParseException) Text '잘못된 날짜 형식' could not be parsed at index 0]
2026-04-29 12:07:39.162 [http-nio-8080-exec-6] DEBUG [f7c4707f] [POST] [/api/v1/books] [127.0.0.1] o.s.web.servlet.DispatcherServlet - Completed 500 INTERNAL_SERVER_ERROR
2026-04-29 12:07:39.187 [http-nio-8080-exec-7] DEBUG [db6c6139] [POST] [/api/v1/books] [127.0.0.1] o.s.web.servlet.DispatcherServlet - POST "/api/v1/books", parameters={}
2026-04-29 12:07:39.187 [http-nio-8080-exec-7] DEBUG [db6c6139] [POST] [/api/v1/books] [127.0.0.1] o.s.w.s.m.m.a.RequestMappingHandlerMapping - Mapped to com.ohgiraffers.stability.section01.exception.controller.BookController#registerBook(BookDTO)
2026-04-29 12:07:39.189 [http-nio-8080-exec-7] DEBUG [db6c6139] [POST] [/api/v1/books] [127.0.0.1] o.s.w.s.m.m.a.RequestResponseBodyMethodProcessor - Read "application/json;charset=UTF-8" to [BookDTO{bookId=null, isbn='null', title='제목만 있는 도서', author='null', publisher='null', publishDate=nu (truncated)...]
2026-04-29 12:07:39.190 [http-nio-8080-exec-7] INFO  [db6c6139] [POST] [/api/v1/books] [127.0.0.1] c.o.s.s.e.controller.BookController - [s1][BookController] 도서 등록 요청 - ISBN: null, 제목: 제목만 있는 도서
2026-04-29 12:07:39.190 [http-nio-8080-exec-7] DEBUG [db6c6139] [POST] [/api/v1/books] [127.0.0.1] c.o.s.s.e.service.BookService - 도서 등록 시작 - ISBN: null, 제목: 제목만 있는 도서
2026-04-29 12:07:39.195 [http-nio-8080-exec-7] DEBUG [db6c6139] [POST] [/api/v1/books] [127.0.0.1] org.hibernate.SQL - 
    select
        b1_0.book_id 
    from
        tbl_book b1_0 
    where
        b1_0.isbn is null 
    fetch
        first ? rows only
2026-04-29 12:07:39.197 [http-nio-8080-exec-7] DEBUG [db6c6139] [POST] [/api/v1/books] [127.0.0.1] org.hibernate.SQL - 
    insert 
    into
        tbl_book
        (author, available, isbn, publish_date, publisher, stock_quantity, title, book_id) 
    values
        (?, ?, ?, ?, ?, ?, ?, default)
2026-04-29 12:07:39.199 [http-nio-8080-exec-7] WARN  [db6c6139] [POST] [/api/v1/books] [127.0.0.1] o.h.e.jdbc.spi.SqlExceptionHelper - SQL Error: 23502, SQLState: 23502
2026-04-29 12:07:39.199 [http-nio-8080-exec-7] ERROR [db6c6139] [POST] [/api/v1/books] [127.0.0.1] o.h.e.jdbc.spi.SqlExceptionHelper - NULL not allowed for column "PUBLISH_DATE"; SQL statement:
insert into tbl_book (author,available,isbn,publish_date,publisher,stock_quantity,title,book_id) values (?,?,?,?,?,?,?,default) [23502-232]
2026-04-29 12:07:39.208 [http-nio-8080-exec-7] DEBUG [db6c6139] [POST] [/api/v1/books] [127.0.0.1] o.s.w.s.m.m.a.ExceptionHandlerExceptionResolver - Using @ExceptionHandler com.ohgiraffers.stability.section01.exception.handler.GlobalExceptionHandler#handleGenericException(Exception, HttpServletRequest)
2026-04-29 12:07:39.209 [http-nio-8080-exec-7] ERROR [db6c6139] [POST] [/api/v1/books] [127.0.0.1] c.o.s.s.e.h.GlobalExceptionHandler - [s1][GlobalExceptionHandler] 예상하지 못한 오류 발생
org.springframework.dao.DataIntegrityViolationException: could not execute statement [NULL not allowed for column "PUBLISH_DATE"; SQL statement:
insert into tbl_book (author,available,isbn,publish_date,publisher,stock_quantity,title,book_id) values (?,?,?,?,?,?,?,default) [23502-232]] [insert into tbl_book (author,available,isbn,publish_date,publisher,stock_quantity,title,book_id) values (?,?,?,?,?,?,?,default)]; SQL [insert into tbl_book (author,available,isbn,publish_date,publisher,stock_quantity,title,book_id) values (?,?,?,?,?,?,?,default)]; constraint [null]
	at org.springframework.orm.jpa.vendor.HibernateJpaDialect.convertHibernateAccessException(HibernateJpaDialect.java:294)
	at org.springframework.orm.jpa.vendor.HibernateJpaDialect.convertHibernateAccessException(HibernateJpaDialect.java:256)
	at org.springframework.orm.jpa.vendor.HibernateJpaDialect.translateExceptionIfPossible(HibernateJpaDialect.java:241)
	at org.springframework.orm.jpa.AbstractEntityManagerFactoryBean.translateExceptionIfPossible(AbstractEntityManagerFactoryBean.java:560)
	at org.springframework.dao.support.ChainedPersistenceExceptionTranslator.translateExceptionIfPossible(ChainedPersistenceExceptionTranslator.java:61)
	at org.springframework.dao.support.DataAccessUtils.translateIfNecessary(DataAccessUtils.java:343)
	at org.springframework.dao.support.PersistenceExceptionTranslationInterceptor.invoke(PersistenceExceptionTranslationInterceptor.java:160)
	at org.springframework.aop.framework.ReflectiveMethodInvocation.proceed(ReflectiveMethodInvocation.java:184)
	at org.springframework.data.jpa.repository.support.CrudMethodMetadataPostProcessor$CrudMethodMetadataPopulatingMethodInterceptor.invoke(CrudMethodMetadataPostProcessor.java:165)
	at org.springframework.aop.framework.ReflectiveMethodInvocation.proceed(ReflectiveMethodInvocation.java:184)
	at org.springframework.aop.framework.JdkDynamicAopProxy.invoke(JdkDynamicAopProxy.java:223)
	at jdk.proxy5/jdk.proxy5.$Proxy160.save(Unknown Source)
	at com.ohgiraffers.stability.section01.exception.service.BookService.registerBook(BookService.java:142)
	at java.base/jdk.internal.reflect.NativeMethodAccessorImpl.invoke0(Native Method)
	at java.base/jdk.internal.reflect.NativeMethodAccessorImpl.invoke(NativeMethodAccessorImpl.java:77)
	at java.base/jdk.internal.reflect.DelegatingMethodAccessorImpl.invoke(DelegatingMethodAccessorImpl.java:43)
	at java.base/java.lang.reflect.Method.invoke(Method.java:569)
	at org.springframework.aop.support.AopUtils.invokeJoinpointUsingReflection(AopUtils.java:360)
	at org.springframework.aop.framework.ReflectiveMethodInvocation.invokeJoinpoint(ReflectiveMethodInvocation.java:196)
	at org.springframework.aop.framework.ReflectiveMethodInvocation.proceed(ReflectiveMethodInvocation.java:163)
	at org.springframework.transaction.interceptor.TransactionAspectSupport.invokeWithinTransaction(TransactionAspectSupport.java:380)
	at org.springframework.transaction.interceptor.TransactionInterceptor.invoke(TransactionInterceptor.java:119)
	at org.springframework.aop.framework.ReflectiveMethodInvocation.proceed(ReflectiveMethodInvocation.java:184)
	at org.springframework.aop.framework.CglibAopProxy$DynamicAdvisedInterceptor.intercept(CglibAopProxy.java:728)
	at com.ohgiraffers.stability.section01.exception.service.BookService$$SpringCGLIB$$0.registerBook(<generated>)
	at com.ohgiraffers.stability.section01.exception.controller.BookController.registerBook(BookController.java:110)
	at java.base/jdk.internal.reflect.NativeMethodAccessorImpl.invoke0(Native Method)
	at java.base/jdk.internal.reflect.NativeMethodAccessorImpl.invoke(NativeMethodAccessorImpl.java:77)
	at java.base/jdk.internal.reflect.DelegatingMethodAccessorImpl.invoke(DelegatingMethodAccessorImpl.java:43)
	at java.base/java.lang.reflect.Method.invoke(Method.java:569)
	at org.springframework.web.method.support.InvocableHandlerMethod.doInvoke(InvocableHandlerMethod.java:258)
	at org.springframework.web.method.support.InvocableHandlerMethod.invokeForRequest(InvocableHandlerMethod.java:191)
	at org.springframework.web.servlet.mvc.method.annotation.ServletInvocableHandlerMethod.invokeAndHandle(ServletInvocableHandlerMethod.java:118)
	at org.springframework.web.servlet.mvc.method.annotation.RequestMappingHandlerAdapter.invokeHandlerMethod(RequestMappingHandlerAdapter.java:991)
	at org.springframework.web.servlet.mvc.method.annotation.RequestMappingHandlerAdapter.handleInternal(RequestMappingHandlerAdapter.java:896)
	at org.springframework.web.servlet.mvc.method.AbstractHandlerMethodAdapter.handle(AbstractHandlerMethodAdapter.java:87)
	at org.springframework.web.servlet.DispatcherServlet.doDispatch(DispatcherServlet.java:1089)
	at org.springframework.web.servlet.DispatcherServlet.doService(DispatcherServlet.java:979)
	at org.springframework.web.servlet.FrameworkServlet.processRequest(FrameworkServlet.java:1014)
	at org.springframework.web.servlet.FrameworkServlet.doPost(FrameworkServlet.java:914)
	at jakarta.servlet.http.HttpServlet.service(HttpServlet.java:590)
	at org.springframework.web.servlet.FrameworkServlet.service(FrameworkServlet.java:885)
	at jakarta.servlet.http.HttpServlet.service(HttpServlet.java:658)
	at org.apache.catalina.core.ApplicationFilterChain.internalDoFilter(ApplicationFilterChain.java:193)
	at org.apache.catalina.core.ApplicationFilterChain.doFilter(ApplicationFilterChain.java:138)
	at org.apache.tomcat.websocket.server.WsFilter.doFilter(WsFilter.java:51)
	at org.apache.catalina.core.ApplicationFilterChain.internalDoFilter(ApplicationFilterChain.java:162)
	at org.apache.catalina.core.ApplicationFilterChain.doFilter(ApplicationFilterChain.java:138)
	at com.ohgiraffers.stability.section02.logging.config.LoggingConfig$1.doFilterInternal(LoggingConfig.java:80)
	at org.springframework.web.filter.OncePerRequestFilter.doFilter(OncePerRequestFilter.java:116)
	at org.apache.catalina.core.ApplicationFilterChain.internalDoFilter(ApplicationFilterChain.java:162)
	at org.apache.catalina.core.ApplicationFilterChain.doFilter(ApplicationFilterChain.java:138)
	at org.springframework.web.filter.RequestContextFilter.doFilterInternal(RequestContextFilter.java:100)
	at org.springframework.web.filter.OncePerRequestFilter.doFilter(OncePerRequestFilter.java:116)
	at org.apache.catalina.core.ApplicationFilterChain.internalDoFilter(ApplicationFilterChain.java:162)
	at org.apache.catalina.core.ApplicationFilterChain.doFilter(ApplicationFilterChain.java:138)
	at org.springframework.web.filter.FormContentFilter.doFilterInternal(FormContentFilter.java:93)
	at org.springframework.web.filter.OncePerRequestFilter.doFilter(OncePerRequestFilter.java:116)
	at org.apache.catalina.core.ApplicationFilterChain.internalDoFilter(ApplicationFilterChain.java:162)
	at org.apache.catalina.core.ApplicationFilterChain.doFilter(ApplicationFilterChain.java:138)
	at org.springframework.web.filter.CharacterEncodingFilter.doFilterInternal(CharacterEncodingFilter.java:201)
	at org.springframework.web.filter.OncePerRequestFilter.doFilter(OncePerRequestFilter.java:116)
	at org.apache.catalina.core.ApplicationFilterChain.internalDoFilter(ApplicationFilterChain.java:162)
	at org.apache.catalina.core.ApplicationFilterChain.doFilter(ApplicationFilterChain.java:138)
	at org.apache.catalina.core.StandardWrapperValve.invoke(StandardWrapperValve.java:165)
	at org.apache.catalina.core.StandardContextValve.invoke(StandardContextValve.java:88)
	at org.apache.catalina.authenticator.AuthenticatorBase.invoke(AuthenticatorBase.java:482)
	at org.apache.catalina.core.StandardHostValve.invoke(StandardHostValve.java:113)
	at org.apache.catalina.valves.ErrorReportValve.invoke(ErrorReportValve.java:83)
	at org.apache.catalina.core.StandardEngineValve.invoke(StandardEngineValve.java:72)
	at org.apache.catalina.connector.CoyoteAdapter.service(CoyoteAdapter.java:342)
	at org.apache.coyote.http11.Http11Processor.service(Http11Processor.java:399)
	at org.apache.coyote.AbstractProcessorLight.process(AbstractProcessorLight.java:63)
	at org.apache.coyote.AbstractProtocol$ConnectionHandler.process(AbstractProtocol.java:903)
	at org.apache.tomcat.util.net.NioEndpoint$SocketProcessor.doRun(NioEndpoint.java:1774)
	at org.apache.tomcat.util.net.SocketProcessorBase.run(SocketProcessorBase.java:52)
	at org.apache.tomcat.util.threads.ThreadPoolExecutor.runWorker(ThreadPoolExecutor.java:973)
	at org.apache.tomcat.util.threads.ThreadPoolExecutor$Worker.run(ThreadPoolExecutor.java:491)
	at org.apache.tomcat.util.threads.TaskThread$WrappingRunnable.run(TaskThread.java:63)
	at java.base/java.lang.Thread.run(Thread.java:840)
Caused by: org.hibernate.exception.ConstraintViolationException: could not execute statement [NULL not allowed for column "PUBLISH_DATE"; SQL statement:
insert into tbl_book (author,available,isbn,publish_date,publisher,stock_quantity,title,book_id) values (?,?,?,?,?,?,?,default) [23502-232]] [insert into tbl_book (author,available,isbn,publish_date,publisher,stock_quantity,title,book_id) values (?,?,?,?,?,?,?,default)]
	at org.hibernate.exception.internal.SQLExceptionTypeDelegate.convert(SQLExceptionTypeDelegate.java:62)
	at org.hibernate.exception.internal.StandardSQLExceptionConverter.convert(StandardSQLExceptionConverter.java:58)
	at org.hibernate.engine.jdbc.spi.SqlExceptionHelper.convert(SqlExceptionHelper.java:108)
	at org.hibernate.engine.jdbc.internal.ResultSetReturnImpl.executeUpdate(ResultSetReturnImpl.java:197)
	at org.hibernate.id.insert.GetGeneratedKeysDelegate.performMutation(GetGeneratedKeysDelegate.java:116)
	at org.hibernate.engine.jdbc.mutation.internal.MutationExecutorSingleNonBatched.performNonBatchedOperations(MutationExecutorSingleNonBatched.java:47)
	at org.hibernate.engine.jdbc.mutation.internal.AbstractMutationExecutor.execute(AbstractMutationExecutor.java:55)
	at org.hibernate.persister.entity.mutation.InsertCoordinatorStandard.doStaticInserts(InsertCoordinatorStandard.java:194)
	at org.hibernate.persister.entity.mutation.InsertCoordinatorStandard.coordinateInsert(InsertCoordinatorStandard.java:132)
	at org.hibernate.persister.entity.mutation.InsertCoordinatorStandard.insert(InsertCoordinatorStandard.java:95)
	at org.hibernate.action.internal.EntityIdentityInsertAction.execute(EntityIdentityInsertAction.java:85)
	at org.hibernate.engine.spi.ActionQueue.execute(ActionQueue.java:682)
	at org.hibernate.engine.spi.ActionQueue.addResolvedEntityInsertAction(ActionQueue.java:293)
	at org.hibernate.engine.spi.ActionQueue.addInsertAction(ActionQueue.java:274)
	at org.hibernate.engine.spi.ActionQueue.addAction(ActionQueue.java:324)
	at org.hibernate.event.internal.AbstractSaveEventListener.addInsertAction(AbstractSaveEventListener.java:394)
	at org.hibernate.event.internal.AbstractSaveEventListener.performSaveOrReplicate(AbstractSaveEventListener.java:308)
	at org.hibernate.event.internal.AbstractSaveEventListener.performSave(AbstractSaveEventListener.java:224)
	at org.hibernate.event.internal.AbstractSaveEventListener.saveWithGeneratedId(AbstractSaveEventListener.java:136)
	at org.hibernate.event.internal.DefaultPersistEventListener.entityIsTransient(DefaultPersistEventListener.java:177)
	at org.hibernate.event.internal.DefaultPersistEventListener.persist(DefaultPersistEventListener.java:95)
	at org.hibernate.event.internal.DefaultPersistEventListener.onPersist(DefaultPersistEventListener.java:79)
	at org.hibernate.event.internal.DefaultPersistEventListener.onPersist(DefaultPersistEventListener.java:55)
	at org.hibernate.event.service.internal.EventListenerGroupImpl.fireEventOnEachListener(EventListenerGroupImpl.java:127)
	at org.hibernate.internal.SessionImpl.firePersist(SessionImpl.java:761)
	at org.hibernate.internal.SessionImpl.persist(SessionImpl.java:745)
	at java.base/jdk.internal.reflect.NativeMethodAccessorImpl.invoke0(Native Method)
	at java.base/jdk.internal.reflect.NativeMethodAccessorImpl.invoke(NativeMethodAccessorImpl.java:77)
	at java.base/jdk.internal.reflect.DelegatingMethodAccessorImpl.invoke(DelegatingMethodAccessorImpl.java:43)
	at java.base/java.lang.reflect.Method.invoke(Method.java:569)
	at org.springframework.orm.jpa.ExtendedEntityManagerCreator$ExtendedEntityManagerInvocationHandler.invoke(ExtendedEntityManagerCreator.java:364)
	at jdk.proxy5/jdk.proxy5.$Proxy158.persist(Unknown Source)
	at java.base/jdk.internal.reflect.NativeMethodAccessorImpl.invoke0(Native Method)
	at java.base/jdk.internal.reflect.NativeMethodAccessorImpl.invoke(NativeMethodAccessorImpl.java:77)
	at java.base/jdk.internal.reflect.DelegatingMethodAccessorImpl.invoke(DelegatingMethodAccessorImpl.java:43)
	at java.base/java.lang.reflect.Method.invoke(Method.java:569)
	at org.springframework.orm.jpa.SharedEntityManagerCreator$SharedEntityManagerInvocationHandler.invoke(SharedEntityManagerCreator.java:320)
	at jdk.proxy5/jdk.proxy5.$Proxy158.persist(Unknown Source)
	at org.springframework.data.jpa.repository.support.SimpleJpaRepository.save(SimpleJpaRepository.java:636)
	at java.base/jdk.internal.reflect.NativeMethodAccessorImpl.invoke0(Native Method)
	at java.base/jdk.internal.reflect.NativeMethodAccessorImpl.invoke(NativeMethodAccessorImpl.java:77)
	at java.base/jdk.internal.reflect.DelegatingMethodAccessorImpl.invoke(DelegatingMethodAccessorImpl.java:43)
	at java.base/java.lang.reflect.Method.invoke(Method.java:569)
	at org.springframework.aop.support.AopUtils.invokeJoinpointUsingReflection(AopUtils.java:360)
	at org.springframework.data.repository.core.support.RepositoryMethodInvoker$RepositoryFragmentMethodInvoker.lambda$new$0(RepositoryMethodInvoker.java:277)
	at org.springframework.data.repository.core.support.RepositoryMethodInvoker.doInvoke(RepositoryMethodInvoker.java:170)
	at org.springframework.data.repository.core.support.RepositoryMethodInvoker.invoke(RepositoryMethodInvoker.java:158)
	at org.springframework.data.repository.core.support.RepositoryComposition$RepositoryFragments.invoke(RepositoryComposition.java:515)
	at org.springframework.data.repository.core.support.RepositoryComposition.invoke(RepositoryComposition.java:284)
	at org.springframework.data.repository.core.support.RepositoryFactorySupport$ImplementationMethodExecutionInterceptor.invoke(RepositoryFactorySupport.java:731)
	at org.springframework.aop.framework.ReflectiveMethodInvocation.proceed(ReflectiveMethodInvocation.java:184)
	at org.springframework.data.repository.core.support.QueryExecutorMethodInterceptor.doInvoke(QueryExecutorMethodInterceptor.java:174)
	at org.springframework.data.repository.core.support.QueryExecutorMethodInterceptor.invoke(QueryExecutorMethodInterceptor.java:149)
	at org.springframework.aop.framework.ReflectiveMethodInvocation.proceed(ReflectiveMethodInvocation.java:184)
	at org.springframework.data.projection.DefaultMethodInvokingMethodInterceptor.invoke(DefaultMethodInvokingMethodInterceptor.java:69)
	at org.springframework.aop.framework.ReflectiveMethodInvocation.proceed(ReflectiveMethodInvocation.java:184)
	at org.springframework.transaction.interceptor.TransactionAspectSupport.invokeWithinTransaction(TransactionAspectSupport.java:380)
	at org.springframework.transaction.interceptor.TransactionInterceptor.invoke(TransactionInterceptor.java:119)
	at org.springframework.aop.framework.ReflectiveMethodInvocation.proceed(ReflectiveMethodInvocation.java:184)
	at org.springframework.dao.support.PersistenceExceptionTranslationInterceptor.invoke(PersistenceExceptionTranslationInterceptor.java:138)
	... 73 common frames omitted
Caused by: org.h2.jdbc.JdbcSQLIntegrityConstraintViolationException: NULL not allowed for column "PUBLISH_DATE"; SQL statement:
insert into tbl_book (author,available,isbn,publish_date,publisher,stock_quantity,title,book_id) values (?,?,?,?,?,?,?,default) [23502-232]
	at org.h2.message.DbException.getJdbcSQLException(DbException.java:520)
	at org.h2.message.DbException.getJdbcSQLException(DbException.java:489)
	at org.h2.message.DbException.get(DbException.java:223)
	at org.h2.message.DbException.get(DbException.java:199)
	at org.h2.table.Column.validateConvertUpdateSequence(Column.java:402)
	at org.h2.table.Table.convertInsertRow(Table.java:963)
	at org.h2.command.dml.Insert.insertRows(Insert.java:167)
	at org.h2.command.dml.Insert.update(Insert.java:135)
	at org.h2.command.CommandContainer.executeUpdateWithGeneratedKeys(CommandContainer.java:212)
	at org.h2.command.CommandContainer.update(CommandContainer.java:133)
	at org.h2.command.Command.executeUpdate(Command.java:304)
	at org.h2.command.Command.executeUpdate(Command.java:248)
	at org.h2.jdbc.JdbcPreparedStatement.executeUpdateInternal(JdbcPreparedStatement.java:213)
	at org.h2.jdbc.JdbcPreparedStatement.executeUpdate(JdbcPreparedStatement.java:172)
	at com.zaxxer.hikari.pool.ProxyPreparedStatement.executeUpdate(ProxyPreparedStatement.java:61)
	at com.zaxxer.hikari.pool.HikariProxyPreparedStatement.executeUpdate(HikariProxyPreparedStatement.java)
	at org.hibernate.engine.jdbc.internal.ResultSetReturnImpl.executeUpdate(ResultSetReturnImpl.java:194)
	... 129 common frames omitted
2026-04-29 12:07:39.210 [http-nio-8080-exec-7] DEBUG [db6c6139] [POST] [/api/v1/books] [127.0.0.1] o.s.w.s.m.m.a.HttpEntityMethodProcessor - Using 'application/json', given [*/*] and supported [application/json, application/*+json]
2026-04-29 12:07:39.210 [http-nio-8080-exec-7] DEBUG [db6c6139] [POST] [/api/v1/books] [127.0.0.1] o.s.w.s.m.m.a.HttpEntityMethodProcessor - Writing [ErrorResponse{errorCode='INTERNAL_SERVER_ERROR', message='서버 내부 오류가 발생했습니다.', timestamp=2026-04-29T1 (truncated)...]
2026-04-29 12:07:39.211 [http-nio-8080-exec-7] WARN  [db6c6139] [POST] [/api/v1/books] [127.0.0.1] o.s.w.s.m.m.a.ExceptionHandlerExceptionResolver - Resolved [org.springframework.dao.DataIntegrityViolationException: could not execute statement [NULL not allowed for column "PUBLISH_DATE"; SQL statement:<EOL>insert into tbl_book (author,available,isbn,publish_date,publisher,stock_quantity,title,book_id) values (?,?,?,?,?,?,?,default) [23502-232]] [insert into tbl_book (author,available,isbn,publish_date,publisher,stock_quantity,title,book_id) values (?,?,?,?,?,?,?,default)]; SQL [insert into tbl_book (author,available,isbn,publish_date,publisher,stock_quantity,title,book_id) values (?,?,?,?,?,?,?,default)]; constraint [null]]
2026-04-29 12:07:39.211 [http-nio-8080-exec-7] DEBUG [db6c6139] [POST] [/api/v1/books] [127.0.0.1] o.s.web.servlet.DispatcherServlet - Completed 500 INTERNAL_SERVER_ERROR
2026-04-29 12:07:39.262 [http-nio-8080-exec-8] DEBUG [0987c804] [DELETE] [/api/v1/books/2] [127.0.0.1] o.s.web.servlet.DispatcherServlet - DELETE "/api/v1/books/2", parameters={}
2026-04-29 12:07:39.263 [http-nio-8080-exec-8] DEBUG [0987c804] [DELETE] [/api/v1/books/2] [127.0.0.1] o.s.w.s.m.m.a.RequestMappingHandlerMapping - Mapped to com.ohgiraffers.stability.section01.exception.controller.BookController#deleteBook(Long)
2026-04-29 12:07:39.263 [http-nio-8080-exec-8] INFO  [0987c804] [DELETE] [/api/v1/books/2] [127.0.0.1] c.o.s.s.e.controller.BookController - [s1][BookController] 도서 삭제 요청 - ID: 2
2026-04-29 12:07:39.263 [http-nio-8080-exec-8] DEBUG [0987c804] [DELETE] [/api/v1/books/2] [127.0.0.1] c.o.s.s.e.service.BookService - 도서 삭제 시작 - ID: 2
2026-04-29 12:07:39.264 [http-nio-8080-exec-8] DEBUG [0987c804] [DELETE] [/api/v1/books/2] [127.0.0.1] org.hibernate.SQL - 
    select
        b1_0.book_id,
        b1_0.author,
        b1_0.available,
        b1_0.isbn,
        b1_0.publish_date,
        b1_0.publisher,
        b1_0.stock_quantity,
        b1_0.title 
    from
        tbl_book b1_0 
    where
        b1_0.book_id=?
2026-04-29 12:07:39.270 [http-nio-8080-exec-8] INFO  [0987c804] [DELETE] [/api/v1/books/2] [127.0.0.1] c.o.s.s.e.service.BookService - [s1][BookService] 도서 삭제 완료 - ID: 2, 제목: Clean Code 클린 코드
2026-04-29 12:07:39.273 [http-nio-8080-exec-8] DEBUG [0987c804] [DELETE] [/api/v1/books/2] [127.0.0.1] org.hibernate.SQL - 
    delete 
    from
        tbl_book 
    where
        book_id=?
2026-04-29 12:07:39.276 [http-nio-8080-exec-8] INFO  [0987c804] [DELETE] [/api/v1/books/2] [127.0.0.1] c.o.s.s.e.controller.BookController - [s1][BookController] 도서 삭제 완료 - ID: 2
2026-04-29 12:07:39.277 [http-nio-8080-exec-8] DEBUG [0987c804] [DELETE] [/api/v1/books/2] [127.0.0.1] o.s.w.s.m.m.a.HttpEntityMethodProcessor - Using 'application/json', given [*/*] and supported [application/json, application/*+json]
2026-04-29 12:07:39.278 [http-nio-8080-exec-8] DEBUG [0987c804] [DELETE] [/api/v1/books/2] [127.0.0.1] o.s.w.s.m.m.a.HttpEntityMethodProcessor - Nothing to write: null body
2026-04-29 12:07:39.278 [http-nio-8080-exec-8] DEBUG [0987c804] [DELETE] [/api/v1/books/2] [127.0.0.1] o.s.web.servlet.DispatcherServlet - Completed 204 NO_CONTENT
2026-04-29 12:07:39.302 [http-nio-8080-exec-9] DEBUG [4af4f34a] [GET] [/api/v1/books/2] [127.0.0.1] o.s.web.servlet.DispatcherServlet - GET "/api/v1/books/2", parameters={}
2026-04-29 12:07:39.302 [http-nio-8080-exec-9] DEBUG [4af4f34a] [GET] [/api/v1/books/2] [127.0.0.1] o.s.w.s.m.m.a.RequestMappingHandlerMapping - Mapped to com.ohgiraffers.stability.section01.exception.controller.BookController#getBookById(Long)
2026-04-29 12:07:39.303 [http-nio-8080-exec-9] INFO  [4af4f34a] [GET] [/api/v1/books/2] [127.0.0.1] c.o.s.s.e.controller.BookController - [s1][BookController] 도서 조회 요청 - ID: 2
2026-04-29 12:07:39.304 [http-nio-8080-exec-9] DEBUG [4af4f34a] [GET] [/api/v1/books/2] [127.0.0.1] c.o.s.s.e.service.BookService - 도서 조회 시작 - ID: 2
2026-04-29 12:07:39.305 [http-nio-8080-exec-9] DEBUG [4af4f34a] [GET] [/api/v1/books/2] [127.0.0.1] org.hibernate.SQL - 
    select
        b1_0.book_id,
        b1_0.author,
        b1_0.available,
        b1_0.isbn,
        b1_0.publish_date,
        b1_0.publisher,
        b1_0.stock_quantity,
        b1_0.title 
    from
        tbl_book b1_0 
    where
        b1_0.book_id=?
2026-04-29 12:07:39.306 [http-nio-8080-exec-9] ERROR [4af4f34a] [GET] [/api/v1/books/2] [127.0.0.1] c.o.s.s.e.service.BookService - 도서 조회 실패 - ID: 2: 해당 ID의 도서를 찾을 수 없습니다: 2
2026-04-29 12:07:39.306 [http-nio-8080-exec-9] DEBUG [4af4f34a] [GET] [/api/v1/books/2] [127.0.0.1] o.s.w.s.m.m.a.ExceptionHandlerExceptionResolver - Using @ExceptionHandler com.ohgiraffers.stability.section01.exception.handler.GlobalExceptionHandler#handleBookNotFoundException(BookNotFoundException, HttpServletRequest)
2026-04-29 12:07:39.307 [http-nio-8080-exec-9] WARN  [4af4f34a] [GET] [/api/v1/books/2] [127.0.0.1] c.o.s.s.e.h.GlobalExceptionHandler - [s1][GlobalExceptionHandler] 도서 조회 실패: 해당 ID의 도서를 찾을 수 없습니다: 2
2026-04-29 12:07:39.307 [http-nio-8080-exec-9] DEBUG [4af4f34a] [GET] [/api/v1/books/2] [127.0.0.1] o.s.w.s.m.m.a.HttpEntityMethodProcessor - Using 'application/json', given [*/*] and supported [application/json, application/*+json]
2026-04-29 12:07:39.307 [http-nio-8080-exec-9] DEBUG [4af4f34a] [GET] [/api/v1/books/2] [127.0.0.1] o.s.w.s.m.m.a.HttpEntityMethodProcessor - Writing [ErrorResponse{errorCode='BOOK_NOT_FOUND_BY_ID', message='해당 ID의 도서를 찾을 수 없습니다: 2', timestamp=2026-04 (truncated)...]
2026-04-29 12:07:39.308 [http-nio-8080-exec-9] WARN  [4af4f34a] [GET] [/api/v1/books/2] [127.0.0.1] o.s.w.s.m.m.a.ExceptionHandlerExceptionResolver - Resolved [com.ohgiraffers.stability.section01.exception.exception.BookNotFoundException: 해당 ID의 도서를 찾을 수 없습니다: 2]
2026-04-29 12:07:39.308 [http-nio-8080-exec-9] DEBUG [4af4f34a] [GET] [/api/v1/books/2] [127.0.0.1] o.s.web.servlet.DispatcherServlet - Completed 404 NOT_FOUND
2026-04-29 12:07:39.349 [http-nio-8080-exec-10] DEBUG [dc79f017] [GET] [/api/v1/books] [127.0.0.1] o.s.web.servlet.DispatcherServlet - GET "/api/v1/books", parameters={}
2026-04-29 12:07:39.350 [http-nio-8080-exec-10] DEBUG [dc79f017] [GET] [/api/v1/books] [127.0.0.1] o.s.w.s.m.m.a.RequestMappingHandlerMapping - Mapped to com.ohgiraffers.stability.section01.exception.controller.BookController#getAllBooks()
2026-04-29 12:07:39.350 [http-nio-8080-exec-10] INFO  [dc79f017] [GET] [/api/v1/books] [127.0.0.1] c.o.s.s.e.controller.BookController - [s1][BookController] 전체 도서 목록 조회 요청
2026-04-29 12:07:39.350 [http-nio-8080-exec-10] DEBUG [dc79f017] [GET] [/api/v1/books] [127.0.0.1] c.o.s.s.e.service.BookService - 전체 도서 목록 조회 시작
2026-04-29 12:07:39.352 [http-nio-8080-exec-10] DEBUG [dc79f017] [GET] [/api/v1/books] [127.0.0.1] org.hibernate.SQL - 
    select
        b1_0.book_id,
        b1_0.author,
        b1_0.available,
        b1_0.isbn,
        b1_0.publish_date,
        b1_0.publisher,
        b1_0.stock_quantity,
        b1_0.title 
    from
        tbl_book b1_0
2026-04-29 12:07:39.354 [http-nio-8080-exec-10] DEBUG [dc79f017] [GET] [/api/v1/books] [127.0.0.1] c.o.s.s.e.service.BookService - 전체 도서 목록 조회 완료 - 총 2권
2026-04-29 12:07:39.354 [http-nio-8080-exec-10] DEBUG [dc79f017] [GET] [/api/v1/books] [127.0.0.1] c.o.s.s.e.service.BookService - 전체 도서 목록 조회 종료
2026-04-29 12:07:39.354 [http-nio-8080-exec-10] INFO  [dc79f017] [GET] [/api/v1/books] [127.0.0.1] c.o.s.s.e.controller.BookController - [s1][BookController] 전체 도서 목록 조회 완료 - 총 2권
2026-04-29 12:07:39.355 [http-nio-8080-exec-10] DEBUG [dc79f017] [GET] [/api/v1/books] [127.0.0.1] o.s.w.s.m.m.a.HttpEntityMethodProcessor - Using 'application/json', given [*/*] and supported [application/json, application/*+json]
2026-04-29 12:07:39.355 [http-nio-8080-exec-10] DEBUG [dc79f017] [GET] [/api/v1/books] [127.0.0.1] o.s.w.s.m.m.a.HttpEntityMethodProcessor - Writing [[BookDTO{bookId=1, isbn='9788966262281', title='스프링 부트와 AWS로 혼자 구현하는 웹 서비스 (개정판)', author='이동욱', pub (truncated)...]
2026-04-29 12:07:39.356 [http-nio-8080-exec-10] DEBUG [dc79f017] [GET] [/api/v1/books] [127.0.0.1] o.s.web.servlet.DispatcherServlet - Completed 200 OK
2026-04-29 12:07:50.257 [http-nio-8080-exec-1] DEBUG [1f0fba18] [POST] [/api/v1/books] [127.0.0.1] o.s.web.servlet.DispatcherServlet - POST "/api/v1/books", parameters={}
2026-04-29 12:07:50.257 [http-nio-8080-exec-1] DEBUG [1f0fba18] [POST] [/api/v1/books] [127.0.0.1] o.s.w.s.m.m.a.RequestMappingHandlerMapping - Mapped to com.ohgiraffers.stability.section01.exception.controller.BookController#registerBook(BookDTO)
2026-04-29 12:07:50.258 [http-nio-8080-exec-1] DEBUG [1f0fba18] [POST] [/api/v1/books] [127.0.0.1] o.s.w.s.m.m.a.RequestResponseBodyMethodProcessor - Read "application/json;charset=UTF-8" to [BookDTO{bookId=null, isbn='9788966262281', title='스프링 부트와 AWS로 혼자 구현하는 웹 서비스', author='이동욱', publish (truncated)...]
2026-04-29 12:07:50.258 [http-nio-8080-exec-1] INFO  [1f0fba18] [POST] [/api/v1/books] [127.0.0.1] c.o.s.s.e.controller.BookController - [s1][BookController] 도서 등록 요청 - ISBN: 9788966262281, 제목: 스프링 부트와 AWS로 혼자 구현하는 웹 서비스
2026-04-29 12:07:50.259 [http-nio-8080-exec-1] DEBUG [1f0fba18] [POST] [/api/v1/books] [127.0.0.1] c.o.s.s.e.service.BookService - 도서 등록 시작 - ISBN: 9788966262281, 제목: 스프링 부트와 AWS로 혼자 구현하는 웹 서비스
2026-04-29 12:07:50.260 [http-nio-8080-exec-1] DEBUG [1f0fba18] [POST] [/api/v1/books] [127.0.0.1] org.hibernate.SQL - 
    select
        b1_0.book_id 
    from
        tbl_book b1_0 
    where
        b1_0.isbn=? 
    fetch
        first ? rows only
2026-04-29 12:07:50.262 [http-nio-8080-exec-1] DEBUG [1f0fba18] [POST] [/api/v1/books] [127.0.0.1] o.s.w.s.m.m.a.ExceptionHandlerExceptionResolver - Using @ExceptionHandler com.ohgiraffers.stability.section01.exception.handler.GlobalExceptionHandler#handleDuplicateIsbnException(DuplicateIsbnException, HttpServletRequest)
2026-04-29 12:07:50.262 [http-nio-8080-exec-1] WARN  [1f0fba18] [POST] [/api/v1/books] [127.0.0.1] c.o.s.s.e.h.GlobalExceptionHandler - [s1][GlobalExceptionHandler] 중복 ISBN 등록 시도: 이미 존재하는 ISBN입니다: 9788966262281
2026-04-29 12:07:50.263 [http-nio-8080-exec-1] DEBUG [1f0fba18] [POST] [/api/v1/books] [127.0.0.1] o.s.w.s.m.m.a.HttpEntityMethodProcessor - Using 'application/json', given [*/*] and supported [application/json, application/*+json]
2026-04-29 12:07:50.263 [http-nio-8080-exec-1] DEBUG [1f0fba18] [POST] [/api/v1/books] [127.0.0.1] o.s.w.s.m.m.a.HttpEntityMethodProcessor - Writing [ErrorResponse{errorCode='DUPLICATE_ISBN', message='이미 존재하는 ISBN입니다: 9788966262281', timestamp=2026-0 (truncated)...]
2026-04-29 12:07:50.263 [http-nio-8080-exec-1] WARN  [1f0fba18] [POST] [/api/v1/books] [127.0.0.1] o.s.w.s.m.m.a.ExceptionHandlerExceptionResolver - Resolved [com.ohgiraffers.stability.section01.exception.exception.DuplicateIsbnException: 이미 존재하는 ISBN입니다: 9788966262281]
2026-04-29 12:07:50.263 [http-nio-8080-exec-1] DEBUG [1f0fba18] [POST] [/api/v1/books] [127.0.0.1] o.s.web.servlet.DispatcherServlet - Completed 409 CONFLICT
2026-04-29 12:07:50.367 [http-nio-8080-exec-2] DEBUG [1a6295ff] [POST] [/api/v1/books] [127.0.0.1] o.s.web.servlet.DispatcherServlet - POST "/api/v1/books", parameters={}
2026-04-29 12:07:50.367 [http-nio-8080-exec-2] DEBUG [1a6295ff] [POST] [/api/v1/books] [127.0.0.1] o.s.w.s.m.m.a.RequestMappingHandlerMapping - Mapped to com.ohgiraffers.stability.section01.exception.controller.BookController#registerBook(BookDTO)
2026-04-29 12:07:50.368 [http-nio-8080-exec-2] DEBUG [1a6295ff] [POST] [/api/v1/books] [127.0.0.1] o.s.w.s.m.m.a.RequestResponseBodyMethodProcessor - Read "application/json;charset=UTF-8" to [BookDTO{bookId=null, isbn='9791162243685', title='Clean Code 클린 코드', author='로버트 C. 마틴', publisher=' (truncated)...]
2026-04-29 12:07:50.368 [http-nio-8080-exec-2] INFO  [1a6295ff] [POST] [/api/v1/books] [127.0.0.1] c.o.s.s.e.controller.BookController - [s1][BookController] 도서 등록 요청 - ISBN: 9791162243685, 제목: Clean Code 클린 코드
2026-04-29 12:07:50.368 [http-nio-8080-exec-2] DEBUG [1a6295ff] [POST] [/api/v1/books] [127.0.0.1] c.o.s.s.e.service.BookService - 도서 등록 시작 - ISBN: 9791162243685, 제목: Clean Code 클린 코드
2026-04-29 12:07:50.370 [http-nio-8080-exec-2] DEBUG [1a6295ff] [POST] [/api/v1/books] [127.0.0.1] org.hibernate.SQL - 
    select
        b1_0.book_id 
    from
        tbl_book b1_0 
    where
        b1_0.isbn=? 
    fetch
        first ? rows only
2026-04-29 12:07:50.373 [http-nio-8080-exec-2] DEBUG [1a6295ff] [POST] [/api/v1/books] [127.0.0.1] org.hibernate.SQL - 
    insert 
    into
        tbl_book
        (author, available, isbn, publish_date, publisher, stock_quantity, title, book_id) 
    values
        (?, ?, ?, ?, ?, ?, ?, default)
2026-04-29 12:07:50.375 [http-nio-8080-exec-2] INFO  [1a6295ff] [POST] [/api/v1/books] [127.0.0.1] c.o.s.s.e.service.BookService - [s1][BookService] 도서 등록 완료 - ID: 4, 제목: Clean Code 클린 코드
2026-04-29 12:07:50.375 [http-nio-8080-exec-2] INFO  [1a6295ff] [POST] [/api/v1/books] [127.0.0.1] c.o.s.s.e.controller.BookController - [s1][BookController] 도서 등록 완료 - ID: 4, 제목: Clean Code 클린 코드
2026-04-29 12:07:50.376 [http-nio-8080-exec-2] DEBUG [1a6295ff] [POST] [/api/v1/books] [127.0.0.1] o.s.w.s.m.m.a.HttpEntityMethodProcessor - Using 'application/json', given [*/*] and supported [application/json, application/*+json]
2026-04-29 12:07:50.376 [http-nio-8080-exec-2] DEBUG [1a6295ff] [POST] [/api/v1/books] [127.0.0.1] o.s.w.s.m.m.a.HttpEntityMethodProcessor - Writing [BookDTO{bookId=4, isbn='9791162243685', title='Clean Code 클린 코드', author='로버트 C. 마틴', publisher='인사이 (truncated)...]
2026-04-29 12:07:50.377 [http-nio-8080-exec-2] DEBUG [1a6295ff] [POST] [/api/v1/books] [127.0.0.1] o.s.web.servlet.DispatcherServlet - Completed 201 CREATED
2026-04-29 12:07:50.406 [http-nio-8080-exec-3] DEBUG [b5494374] [POST] [/api/v1/books] [127.0.0.1] o.s.web.servlet.DispatcherServlet - POST "/api/v1/books", parameters={}
2026-04-29 12:07:50.407 [http-nio-8080-exec-3] DEBUG [b5494374] [POST] [/api/v1/books] [127.0.0.1] o.s.w.s.m.m.a.RequestMappingHandlerMapping - Mapped to com.ohgiraffers.stability.section01.exception.controller.BookController#registerBook(BookDTO)
2026-04-29 12:07:50.409 [http-nio-8080-exec-3] DEBUG [b5494374] [POST] [/api/v1/books] [127.0.0.1] o.s.w.s.m.m.a.RequestResponseBodyMethodProcessor - Read "application/json;charset=UTF-8" to [BookDTO{bookId=null, isbn='9788960773417', title='Effective Java 3/E', author='조슈아 블로크', publisher=' (truncated)...]
2026-04-29 12:07:50.409 [http-nio-8080-exec-3] INFO  [b5494374] [POST] [/api/v1/books] [127.0.0.1] c.o.s.s.e.controller.BookController - [s1][BookController] 도서 등록 요청 - ISBN: 9788960773417, 제목: Effective Java 3/E
2026-04-29 12:07:50.410 [http-nio-8080-exec-3] DEBUG [b5494374] [POST] [/api/v1/books] [127.0.0.1] c.o.s.s.e.service.BookService - 도서 등록 시작 - ISBN: 9788960773417, 제목: Effective Java 3/E
2026-04-29 12:07:50.412 [http-nio-8080-exec-3] DEBUG [b5494374] [POST] [/api/v1/books] [127.0.0.1] org.hibernate.SQL - 
    select
        b1_0.book_id 
    from
        tbl_book b1_0 
    where
        b1_0.isbn=? 
    fetch
        first ? rows only
2026-04-29 12:07:50.413 [http-nio-8080-exec-3] DEBUG [b5494374] [POST] [/api/v1/books] [127.0.0.1] o.s.w.s.m.m.a.ExceptionHandlerExceptionResolver - Using @ExceptionHandler com.ohgiraffers.stability.section01.exception.handler.GlobalExceptionHandler#handleDuplicateIsbnException(DuplicateIsbnException, HttpServletRequest)
2026-04-29 12:07:50.413 [http-nio-8080-exec-3] WARN  [b5494374] [POST] [/api/v1/books] [127.0.0.1] c.o.s.s.e.h.GlobalExceptionHandler - [s1][GlobalExceptionHandler] 중복 ISBN 등록 시도: 이미 존재하는 ISBN입니다: 9788960773417
2026-04-29 12:07:50.414 [http-nio-8080-exec-3] DEBUG [b5494374] [POST] [/api/v1/books] [127.0.0.1] o.s.w.s.m.m.a.HttpEntityMethodProcessor - Using 'application/json', given [*/*] and supported [application/json, application/*+json]
2026-04-29 12:07:50.414 [http-nio-8080-exec-3] DEBUG [b5494374] [POST] [/api/v1/books] [127.0.0.1] o.s.w.s.m.m.a.HttpEntityMethodProcessor - Writing [ErrorResponse{errorCode='DUPLICATE_ISBN', message='이미 존재하는 ISBN입니다: 9788960773417', timestamp=2026-0 (truncated)...]
2026-04-29 12:07:50.415 [http-nio-8080-exec-3] WARN  [b5494374] [POST] [/api/v1/books] [127.0.0.1] o.s.w.s.m.m.a.ExceptionHandlerExceptionResolver - Resolved [com.ohgiraffers.stability.section01.exception.exception.DuplicateIsbnException: 이미 존재하는 ISBN입니다: 9788960773417]
2026-04-29 12:07:50.415 [http-nio-8080-exec-3] DEBUG [b5494374] [POST] [/api/v1/books] [127.0.0.1] o.s.web.servlet.DispatcherServlet - Completed 409 CONFLICT
2026-04-29 12:07:50.441 [http-nio-8080-exec-4] DEBUG [c176e65b] [GET] [/api/v1/books] [127.0.0.1] o.s.web.servlet.DispatcherServlet - GET "/api/v1/books", parameters={}
2026-04-29 12:07:50.442 [http-nio-8080-exec-4] DEBUG [c176e65b] [GET] [/api/v1/books] [127.0.0.1] o.s.w.s.m.m.a.RequestMappingHandlerMapping - Mapped to com.ohgiraffers.stability.section01.exception.controller.BookController#getAllBooks()
2026-04-29 12:07:50.443 [http-nio-8080-exec-4] INFO  [c176e65b] [GET] [/api/v1/books] [127.0.0.1] c.o.s.s.e.controller.BookController - [s1][BookController] 전체 도서 목록 조회 요청
2026-04-29 12:07:50.443 [http-nio-8080-exec-4] DEBUG [c176e65b] [GET] [/api/v1/books] [127.0.0.1] c.o.s.s.e.service.BookService - 전체 도서 목록 조회 시작
2026-04-29 12:07:50.444 [http-nio-8080-exec-4] DEBUG [c176e65b] [GET] [/api/v1/books] [127.0.0.1] org.hibernate.SQL - 
    select
        b1_0.book_id,
        b1_0.author,
        b1_0.available,
        b1_0.isbn,
        b1_0.publish_date,
        b1_0.publisher,
        b1_0.stock_quantity,
        b1_0.title 
    from
        tbl_book b1_0
2026-04-29 12:07:50.446 [http-nio-8080-exec-4] DEBUG [c176e65b] [GET] [/api/v1/books] [127.0.0.1] c.o.s.s.e.service.BookService - 전체 도서 목록 조회 완료 - 총 3권
2026-04-29 12:07:50.447 [http-nio-8080-exec-4] DEBUG [c176e65b] [GET] [/api/v1/books] [127.0.0.1] c.o.s.s.e.service.BookService - 전체 도서 목록 조회 종료
2026-04-29 12:07:50.447 [http-nio-8080-exec-4] INFO  [c176e65b] [GET] [/api/v1/books] [127.0.0.1] c.o.s.s.e.controller.BookController - [s1][BookController] 전체 도서 목록 조회 완료 - 총 3권
2026-04-29 12:07:50.447 [http-nio-8080-exec-4] DEBUG [c176e65b] [GET] [/api/v1/books] [127.0.0.1] o.s.w.s.m.m.a.HttpEntityMethodProcessor - Using 'application/json', given [*/*] and supported [application/json, application/*+json]
2026-04-29 12:07:50.447 [http-nio-8080-exec-4] DEBUG [c176e65b] [GET] [/api/v1/books] [127.0.0.1] o.s.w.s.m.m.a.HttpEntityMethodProcessor - Writing [[BookDTO{bookId=1, isbn='9788966262281', title='스프링 부트와 AWS로 혼자 구현하는 웹 서비스 (개정판)', author='이동욱', pub (truncated)...]
2026-04-29 12:07:50.448 [http-nio-8080-exec-4] DEBUG [c176e65b] [GET] [/api/v1/books] [127.0.0.1] o.s.web.servlet.DispatcherServlet - Completed 200 OK
2026-04-29 12:07:50.488 [http-nio-8080-exec-5] DEBUG [a7e31fbe] [GET] [/api/v1/books/1] [127.0.0.1] o.s.web.servlet.DispatcherServlet - GET "/api/v1/books/1", parameters={}
2026-04-29 12:07:50.489 [http-nio-8080-exec-5] DEBUG [a7e31fbe] [GET] [/api/v1/books/1] [127.0.0.1] o.s.w.s.m.m.a.RequestMappingHandlerMapping - Mapped to com.ohgiraffers.stability.section01.exception.controller.BookController#getBookById(Long)
2026-04-29 12:07:50.490 [http-nio-8080-exec-5] INFO  [a7e31fbe] [GET] [/api/v1/books/1] [127.0.0.1] c.o.s.s.e.controller.BookController - [s1][BookController] 도서 조회 요청 - ID: 1
2026-04-29 12:07:50.490 [http-nio-8080-exec-5] DEBUG [a7e31fbe] [GET] [/api/v1/books/1] [127.0.0.1] c.o.s.s.e.service.BookService - 도서 조회 시작 - ID: 1
2026-04-29 12:07:50.490 [http-nio-8080-exec-5] DEBUG [a7e31fbe] [GET] [/api/v1/books/1] [127.0.0.1] org.hibernate.SQL - 
    select
        b1_0.book_id,
        b1_0.author,
        b1_0.available,
        b1_0.isbn,
        b1_0.publish_date,
        b1_0.publisher,
        b1_0.stock_quantity,
        b1_0.title 
    from
        tbl_book b1_0 
    where
        b1_0.book_id=?
2026-04-29 12:07:50.491 [http-nio-8080-exec-5] DEBUG [a7e31fbe] [GET] [/api/v1/books/1] [127.0.0.1] c.o.s.s.e.service.BookService - 도서 조회 완료 - 제목: 스프링 부트와 AWS로 혼자 구현하는 웹 서비스 (개정판)
2026-04-29 12:07:50.492 [http-nio-8080-exec-5] INFO  [a7e31fbe] [GET] [/api/v1/books/1] [127.0.0.1] c.o.s.s.e.controller.BookController - [s1][BookController] 도서 조회 완료 - ID: 1, 제목: 스프링 부트와 AWS로 혼자 구현하는 웹 서비스 (개정판)
2026-04-29 12:07:50.492 [http-nio-8080-exec-5] DEBUG [a7e31fbe] [GET] [/api/v1/books/1] [127.0.0.1] o.s.w.s.m.m.a.HttpEntityMethodProcessor - Using 'application/json', given [*/*] and supported [application/json, application/*+json]
2026-04-29 12:07:50.492 [http-nio-8080-exec-5] DEBUG [a7e31fbe] [GET] [/api/v1/books/1] [127.0.0.1] o.s.w.s.m.m.a.HttpEntityMethodProcessor - Writing [BookDTO{bookId=1, isbn='9788966262281', title='스프링 부트와 AWS로 혼자 구현하는 웹 서비스 (개정판)', author='이동욱', publ (truncated)...]
2026-04-29 12:07:50.493 [http-nio-8080-exec-5] DEBUG [a7e31fbe] [GET] [/api/v1/books/1] [127.0.0.1] o.s.web.servlet.DispatcherServlet - Completed 200 OK
2026-04-29 12:07:50.525 [http-nio-8080-exec-6] DEBUG [836b7304] [GET] [/api/v1/books/isbn/9788966262281] [127.0.0.1] o.s.web.servlet.DispatcherServlet - GET "/api/v1/books/isbn/9788966262281", parameters={}
2026-04-29 12:07:50.525 [http-nio-8080-exec-6] DEBUG [836b7304] [GET] [/api/v1/books/isbn/9788966262281] [127.0.0.1] o.s.w.s.m.m.a.RequestMappingHandlerMapping - Mapped to com.ohgiraffers.stability.section01.exception.controller.BookController#getBookByIsbn(String)
2026-04-29 12:07:50.526 [http-nio-8080-exec-6] INFO  [836b7304] [GET] [/api/v1/books/isbn/9788966262281] [127.0.0.1] c.o.s.s.e.controller.BookController - [s1][BookController] ISBN으로 도서 조회 요청 - ISBN: 9788966262281
2026-04-29 12:07:50.526 [http-nio-8080-exec-6] DEBUG [836b7304] [GET] [/api/v1/books/isbn/9788966262281] [127.0.0.1] c.o.s.s.e.service.BookService - ISBN으로 도서 조회 시작 - ISBN: 9788966262281
2026-04-29 12:07:50.528 [http-nio-8080-exec-6] DEBUG [836b7304] [GET] [/api/v1/books/isbn/9788966262281] [127.0.0.1] org.hibernate.SQL - 
    select
        b1_0.book_id,
        b1_0.author,
        b1_0.available,
        b1_0.isbn,
        b1_0.publish_date,
        b1_0.publisher,
        b1_0.stock_quantity,
        b1_0.title 
    from
        tbl_book b1_0 
    where
        b1_0.isbn=?
2026-04-29 12:07:50.529 [http-nio-8080-exec-6] DEBUG [836b7304] [GET] [/api/v1/books/isbn/9788966262281] [127.0.0.1] c.o.s.s.e.service.BookService - ISBN으로 도서 조회 완료 - 제목: 스프링 부트와 AWS로 혼자 구현하는 웹 서비스 (개정판)
2026-04-29 12:07:50.530 [http-nio-8080-exec-6] INFO  [836b7304] [GET] [/api/v1/books/isbn/9788966262281] [127.0.0.1] c.o.s.s.e.controller.BookController - [s1][BookController] ISBN으로 도서 조회 완료 - ISBN: 9788966262281, 제목: 스프링 부트와 AWS로 혼자 구현하는 웹 서비스 (개정판)
2026-04-29 12:07:50.530 [http-nio-8080-exec-6] DEBUG [836b7304] [GET] [/api/v1/books/isbn/9788966262281] [127.0.0.1] o.s.w.s.m.m.a.HttpEntityMethodProcessor - Using 'application/json', given [*/*] and supported [application/json, application/*+json]
2026-04-29 12:07:50.530 [http-nio-8080-exec-6] DEBUG [836b7304] [GET] [/api/v1/books/isbn/9788966262281] [127.0.0.1] o.s.w.s.m.m.a.HttpEntityMethodProcessor - Writing [BookDTO{bookId=1, isbn='9788966262281', title='스프링 부트와 AWS로 혼자 구현하는 웹 서비스 (개정판)', author='이동욱', publ (truncated)...]
2026-04-29 12:07:50.531 [http-nio-8080-exec-6] DEBUG [836b7304] [GET] [/api/v1/books/isbn/9788966262281] [127.0.0.1] o.s.web.servlet.DispatcherServlet - Completed 200 OK
2026-04-29 12:07:50.569 [http-nio-8080-exec-7] DEBUG [13ddf524] [GET] [/api/v1/books/search] [127.0.0.1] o.s.web.servlet.DispatcherServlet - GET "/api/v1/books/search?keyword=%EC%8A%A4%ED%94%84%EB%A7%81", parameters={masked}
2026-04-29 12:07:50.569 [http-nio-8080-exec-7] DEBUG [13ddf524] [GET] [/api/v1/books/search] [127.0.0.1] o.s.w.s.m.m.a.RequestMappingHandlerMapping - Mapped to com.ohgiraffers.stability.section01.exception.controller.BookController#searchBooksByTitle(String)
2026-04-29 12:07:50.570 [http-nio-8080-exec-7] INFO  [13ddf524] [GET] [/api/v1/books/search] [127.0.0.1] c.o.s.s.e.controller.BookController - [s1][BookController] 제목으로 도서 검색 요청 - 키워드: 스프링
2026-04-29 12:07:50.570 [http-nio-8080-exec-7] DEBUG [13ddf524] [GET] [/api/v1/books/search] [127.0.0.1] c.o.s.s.e.service.BookService - 제목으로 도서 검색 시작 - 키워드: 스프링
2026-04-29 12:07:50.571 [http-nio-8080-exec-7] DEBUG [13ddf524] [GET] [/api/v1/books/search] [127.0.0.1] org.hibernate.SQL - 
    select
        b1_0.book_id,
        b1_0.author,
        b1_0.available,
        b1_0.isbn,
        b1_0.publish_date,
        b1_0.publisher,
        b1_0.stock_quantity,
        b1_0.title 
    from
        tbl_book b1_0 
    where
        upper(b1_0.title) like upper(?) escape '\'
2026-04-29 12:07:50.574 [http-nio-8080-exec-7] DEBUG [13ddf524] [GET] [/api/v1/books/search] [127.0.0.1] c.o.s.s.e.service.BookService - 제목으로 도서 검색 완료 - 검색 결과: 1권
2026-04-29 12:07:50.574 [http-nio-8080-exec-7] INFO  [13ddf524] [GET] [/api/v1/books/search] [127.0.0.1] c.o.s.s.e.controller.BookController - [s1][BookController] 제목으로 도서 검색 완료 - 키워드: 스프링, 검색 결과: 1권
2026-04-29 12:07:50.574 [http-nio-8080-exec-7] DEBUG [13ddf524] [GET] [/api/v1/books/search] [127.0.0.1] o.s.w.s.m.m.a.HttpEntityMethodProcessor - Using 'application/json', given [*/*] and supported [application/json, application/*+json]
2026-04-29 12:07:50.574 [http-nio-8080-exec-7] DEBUG [13ddf524] [GET] [/api/v1/books/search] [127.0.0.1] o.s.w.s.m.m.a.HttpEntityMethodProcessor - Writing [[BookDTO{bookId=1, isbn='9788966262281', title='스프링 부트와 AWS로 혼자 구현하는 웹 서비스 (개정판)', author='이동욱', pub (truncated)...]
2026-04-29 12:07:50.575 [http-nio-8080-exec-7] DEBUG [13ddf524] [GET] [/api/v1/books/search] [127.0.0.1] o.s.web.servlet.DispatcherServlet - Completed 200 OK
2026-04-29 12:07:50.611 [http-nio-8080-exec-8] DEBUG [1fad4e02] [PATCH] [/api/v1/books/1/stock/increase] [127.0.0.1] o.s.web.servlet.DispatcherServlet - PATCH "/api/v1/books/1/stock/increase?quantity=5", parameters={masked}
2026-04-29 12:07:50.611 [http-nio-8080-exec-8] DEBUG [1fad4e02] [PATCH] [/api/v1/books/1/stock/increase] [127.0.0.1] o.s.w.s.m.m.a.RequestMappingHandlerMapping - Mapped to com.ohgiraffers.stability.section01.exception.controller.BookController#increaseStock(Long, int)
2026-04-29 12:07:50.612 [http-nio-8080-exec-8] INFO  [1fad4e02] [PATCH] [/api/v1/books/1/stock/increase] [127.0.0.1] c.o.s.s.e.controller.BookController - [s1][BookController] 재고 증가 요청 - 도서 ID: 1, 증가 수량: 5
2026-04-29 12:07:50.613 [http-nio-8080-exec-8] DEBUG [1fad4e02] [PATCH] [/api/v1/books/1/stock/increase] [127.0.0.1] c.o.s.s.e.service.BookService - 재고 증가 시작 - 도서 ID: 1, 증가 수량: 5
2026-04-29 12:07:50.613 [http-nio-8080-exec-8] DEBUG [1fad4e02] [PATCH] [/api/v1/books/1/stock/increase] [127.0.0.1] org.hibernate.SQL - 
    select
        b1_0.book_id,
        b1_0.author,
        b1_0.available,
        b1_0.isbn,
        b1_0.publish_date,
        b1_0.publisher,
        b1_0.stock_quantity,
        b1_0.title 
    from
        tbl_book b1_0 
    where
        b1_0.book_id=?
2026-04-29 12:07:50.614 [http-nio-8080-exec-8] INFO  [1fad4e02] [PATCH] [/api/v1/books/1/stock/increase] [127.0.0.1] c.o.s.s.e.service.BookService - [s1][BookService] 재고 증가 완료 - 도서 ID: 1, 현재 재고: 15
2026-04-29 12:07:50.615 [http-nio-8080-exec-8] DEBUG [1fad4e02] [PATCH] [/api/v1/books/1/stock/increase] [127.0.0.1] org.hibernate.SQL - 
    update
        tbl_book 
    set
        author=?,
        available=?,
        isbn=?,
        publish_date=?,
        publisher=?,
        stock_quantity=?,
        title=? 
    where
        book_id=?
2026-04-29 12:07:50.617 [http-nio-8080-exec-8] INFO  [1fad4e02] [PATCH] [/api/v1/books/1/stock/increase] [127.0.0.1] c.o.s.s.e.controller.BookController - [s1][BookController] 재고 증가 완료 - 도서 ID: 1, 현재 재고: 15
2026-04-29 12:07:50.617 [http-nio-8080-exec-8] DEBUG [1fad4e02] [PATCH] [/api/v1/books/1/stock/increase] [127.0.0.1] o.s.w.s.m.m.a.HttpEntityMethodProcessor - Using 'application/json', given [*/*] and supported [application/json, application/*+json]
2026-04-29 12:07:50.617 [http-nio-8080-exec-8] DEBUG [1fad4e02] [PATCH] [/api/v1/books/1/stock/increase] [127.0.0.1] o.s.w.s.m.m.a.HttpEntityMethodProcessor - Writing [BookDTO{bookId=1, isbn='9788966262281', title='스프링 부트와 AWS로 혼자 구현하는 웹 서비스 (개정판)', author='이동욱', publ (truncated)...]
2026-04-29 12:07:50.618 [http-nio-8080-exec-8] DEBUG [1fad4e02] [PATCH] [/api/v1/books/1/stock/increase] [127.0.0.1] o.s.web.servlet.DispatcherServlet - Completed 200 OK
2026-04-29 12:07:50.645 [http-nio-8080-exec-9] DEBUG [49b29d24] [PATCH] [/api/v1/books/1/stock/decrease] [127.0.0.1] o.s.web.servlet.DispatcherServlet - PATCH "/api/v1/books/1/stock/decrease?quantity=3", parameters={masked}
2026-04-29 12:07:50.645 [http-nio-8080-exec-9] DEBUG [49b29d24] [PATCH] [/api/v1/books/1/stock/decrease] [127.0.0.1] o.s.w.s.m.m.a.RequestMappingHandlerMapping - Mapped to com.ohgiraffers.stability.section01.exception.controller.BookController#decreaseStock(Long, int)
2026-04-29 12:07:50.647 [http-nio-8080-exec-9] INFO  [49b29d24] [PATCH] [/api/v1/books/1/stock/decrease] [127.0.0.1] c.o.s.s.e.controller.BookController - [s1][BookController] 재고 감소 요청 - 도서 ID: 1, 감소 수량: 3
2026-04-29 12:07:50.648 [http-nio-8080-exec-9] DEBUG [49b29d24] [PATCH] [/api/v1/books/1/stock/decrease] [127.0.0.1] c.o.s.s.e.service.BookService - 재고 감소 시작 - 도서 ID: 1, 감소 수량: 3
2026-04-29 12:07:50.648 [http-nio-8080-exec-9] DEBUG [49b29d24] [PATCH] [/api/v1/books/1/stock/decrease] [127.0.0.1] org.hibernate.SQL - 
    select
        b1_0.book_id,
        b1_0.author,
        b1_0.available,
        b1_0.isbn,
        b1_0.publish_date,
        b1_0.publisher,
        b1_0.stock_quantity,
        b1_0.title 
    from
        tbl_book b1_0 
    where
        b1_0.book_id=?
2026-04-29 12:07:50.650 [http-nio-8080-exec-9] INFO  [49b29d24] [PATCH] [/api/v1/books/1/stock/decrease] [127.0.0.1] c.o.s.s.e.service.BookService - [s1][BookService] 재고 감소 완료 - 도서 ID: 1, 현재 재고: 12
2026-04-29 12:07:50.651 [http-nio-8080-exec-9] DEBUG [49b29d24] [PATCH] [/api/v1/books/1/stock/decrease] [127.0.0.1] org.hibernate.SQL - 
    update
        tbl_book 
    set
        author=?,
        available=?,
        isbn=?,
        publish_date=?,
        publisher=?,
        stock_quantity=?,
        title=? 
    where
        book_id=?
2026-04-29 12:07:50.652 [http-nio-8080-exec-9] INFO  [49b29d24] [PATCH] [/api/v1/books/1/stock/decrease] [127.0.0.1] c.o.s.s.e.controller.BookController - [s1][BookController] 재고 감소 완료 - 도서 ID: 1, 현재 재고: 12
2026-04-29 12:07:50.652 [http-nio-8080-exec-9] DEBUG [49b29d24] [PATCH] [/api/v1/books/1/stock/decrease] [127.0.0.1] o.s.w.s.m.m.a.HttpEntityMethodProcessor - Using 'application/json', given [*/*] and supported [application/json, application/*+json]
2026-04-29 12:07:50.652 [http-nio-8080-exec-9] DEBUG [49b29d24] [PATCH] [/api/v1/books/1/stock/decrease] [127.0.0.1] o.s.w.s.m.m.a.HttpEntityMethodProcessor - Writing [BookDTO{bookId=1, isbn='9788966262281', title='스프링 부트와 AWS로 혼자 구현하는 웹 서비스 (개정판)', author='이동욱', publ (truncated)...]
2026-04-29 12:07:50.653 [http-nio-8080-exec-9] DEBUG [49b29d24] [PATCH] [/api/v1/books/1/stock/decrease] [127.0.0.1] o.s.web.servlet.DispatcherServlet - Completed 200 OK
2026-04-29 12:07:50.682 [http-nio-8080-exec-10] DEBUG [88817b8f] [PUT] [/api/v1/books/1] [127.0.0.1] o.s.web.servlet.DispatcherServlet - PUT "/api/v1/books/1", parameters={}
2026-04-29 12:07:50.683 [http-nio-8080-exec-10] DEBUG [88817b8f] [PUT] [/api/v1/books/1] [127.0.0.1] o.s.w.s.m.m.a.RequestMappingHandlerMapping - Mapped to com.ohgiraffers.stability.section01.exception.controller.BookController#updateBook(Long, BookDTO)
2026-04-29 12:07:50.684 [http-nio-8080-exec-10] DEBUG [88817b8f] [PUT] [/api/v1/books/1] [127.0.0.1] o.s.w.s.m.m.a.RequestResponseBodyMethodProcessor - Read "application/json;charset=UTF-8" to [BookDTO{bookId=null, isbn='null', title='스프링 부트와 AWS로 혼자 구현하는 웹 서비스 (개정판)', author='이동욱', publisher= (truncated)...]
2026-04-29 12:07:50.684 [http-nio-8080-exec-10] INFO  [88817b8f] [PUT] [/api/v1/books/1] [127.0.0.1] c.o.s.s.e.controller.BookController - [s1][BookController] 도서 정보 수정 요청 - ID: 1
2026-04-29 12:07:50.685 [http-nio-8080-exec-10] DEBUG [88817b8f] [PUT] [/api/v1/books/1] [127.0.0.1] c.o.s.s.e.service.BookService - 도서 정보 수정 시작 - ID: 1
2026-04-29 12:07:50.685 [http-nio-8080-exec-10] DEBUG [88817b8f] [PUT] [/api/v1/books/1] [127.0.0.1] org.hibernate.SQL - 
    select
        b1_0.book_id,
        b1_0.author,
        b1_0.available,
        b1_0.isbn,
        b1_0.publish_date,
        b1_0.publisher,
        b1_0.stock_quantity,
        b1_0.title 
    from
        tbl_book b1_0 
    where
        b1_0.book_id=?
2026-04-29 12:07:50.686 [http-nio-8080-exec-10] INFO  [88817b8f] [PUT] [/api/v1/books/1] [127.0.0.1] c.o.s.s.e.service.BookService - [s1][BookService] 도서 정보 수정 완료 - ID: 1, 제목: 스프링 부트와 AWS로 혼자 구현하는 웹 서비스 (개정판)
2026-04-29 12:07:50.687 [http-nio-8080-exec-10] INFO  [88817b8f] [PUT] [/api/v1/books/1] [127.0.0.1] c.o.s.s.e.controller.BookController - [s1][BookController] 도서 정보 수정 완료 - ID: 1, 제목: 스프링 부트와 AWS로 혼자 구현하는 웹 서비스 (개정판)
2026-04-29 12:07:50.687 [http-nio-8080-exec-10] DEBUG [88817b8f] [PUT] [/api/v1/books/1] [127.0.0.1] o.s.w.s.m.m.a.HttpEntityMethodProcessor - Using 'application/json', given [*/*] and supported [application/json, application/*+json]
2026-04-29 12:07:50.687 [http-nio-8080-exec-10] DEBUG [88817b8f] [PUT] [/api/v1/books/1] [127.0.0.1] o.s.w.s.m.m.a.HttpEntityMethodProcessor - Writing [BookDTO{bookId=1, isbn='9788966262281', title='스프링 부트와 AWS로 혼자 구현하는 웹 서비스 (개정판)', author='이동욱', publ (truncated)...]
2026-04-29 12:07:50.688 [http-nio-8080-exec-10] DEBUG [88817b8f] [PUT] [/api/v1/books/1] [127.0.0.1] o.s.web.servlet.DispatcherServlet - Completed 200 OK
2026-04-29 12:07:50.738 [http-nio-8080-exec-1] DEBUG [bcea4e1f] [GET] [/api/v1/books/999] [127.0.0.1] o.s.web.servlet.DispatcherServlet - GET "/api/v1/books/999", parameters={}
2026-04-29 12:07:50.739 [http-nio-8080-exec-1] DEBUG [bcea4e1f] [GET] [/api/v1/books/999] [127.0.0.1] o.s.w.s.m.m.a.RequestMappingHandlerMapping - Mapped to com.ohgiraffers.stability.section01.exception.controller.BookController#getBookById(Long)
2026-04-29 12:07:50.739 [http-nio-8080-exec-1] INFO  [bcea4e1f] [GET] [/api/v1/books/999] [127.0.0.1] c.o.s.s.e.controller.BookController - [s1][BookController] 도서 조회 요청 - ID: 999
2026-04-29 12:07:50.740 [http-nio-8080-exec-1] DEBUG [bcea4e1f] [GET] [/api/v1/books/999] [127.0.0.1] c.o.s.s.e.service.BookService - 도서 조회 시작 - ID: 999
2026-04-29 12:07:50.740 [http-nio-8080-exec-1] DEBUG [bcea4e1f] [GET] [/api/v1/books/999] [127.0.0.1] org.hibernate.SQL - 
    select
        b1_0.book_id,
        b1_0.author,
        b1_0.available,
        b1_0.isbn,
        b1_0.publish_date,
        b1_0.publisher,
        b1_0.stock_quantity,
        b1_0.title 
    from
        tbl_book b1_0 
    where
        b1_0.book_id=?
2026-04-29 12:07:50.741 [http-nio-8080-exec-1] ERROR [bcea4e1f] [GET] [/api/v1/books/999] [127.0.0.1] c.o.s.s.e.service.BookService - 도서 조회 실패 - ID: 999: 해당 ID의 도서를 찾을 수 없습니다: 999
2026-04-29 12:07:50.742 [http-nio-8080-exec-1] DEBUG [bcea4e1f] [GET] [/api/v1/books/999] [127.0.0.1] o.s.w.s.m.m.a.ExceptionHandlerExceptionResolver - Using @ExceptionHandler com.ohgiraffers.stability.section01.exception.handler.GlobalExceptionHandler#handleBookNotFoundException(BookNotFoundException, HttpServletRequest)
2026-04-29 12:07:50.742 [http-nio-8080-exec-1] WARN  [bcea4e1f] [GET] [/api/v1/books/999] [127.0.0.1] c.o.s.s.e.h.GlobalExceptionHandler - [s1][GlobalExceptionHandler] 도서 조회 실패: 해당 ID의 도서를 찾을 수 없습니다: 999
2026-04-29 12:07:50.743 [http-nio-8080-exec-1] DEBUG [bcea4e1f] [GET] [/api/v1/books/999] [127.0.0.1] o.s.w.s.m.m.a.HttpEntityMethodProcessor - Using 'application/json', given [*/*] and supported [application/json, application/*+json]
2026-04-29 12:07:50.743 [http-nio-8080-exec-1] DEBUG [bcea4e1f] [GET] [/api/v1/books/999] [127.0.0.1] o.s.w.s.m.m.a.HttpEntityMethodProcessor - Writing [ErrorResponse{errorCode='BOOK_NOT_FOUND_BY_ID', message='해당 ID의 도서를 찾을 수 없습니다: 999', timestamp=2026- (truncated)...]
2026-04-29 12:07:50.744 [http-nio-8080-exec-1] WARN  [bcea4e1f] [GET] [/api/v1/books/999] [127.0.0.1] o.s.w.s.m.m.a.ExceptionHandlerExceptionResolver - Resolved [com.ohgiraffers.stability.section01.exception.exception.BookNotFoundException: 해당 ID의 도서를 찾을 수 없습니다: 999]
2026-04-29 12:07:50.744 [http-nio-8080-exec-1] DEBUG [bcea4e1f] [GET] [/api/v1/books/999] [127.0.0.1] o.s.web.servlet.DispatcherServlet - Completed 404 NOT_FOUND
2026-04-29 12:07:50.780 [http-nio-8080-exec-2] DEBUG [3c885876] [GET] [/api/v1/books/isbn/1234567890123] [127.0.0.1] o.s.web.servlet.DispatcherServlet - GET "/api/v1/books/isbn/1234567890123", parameters={}
2026-04-29 12:07:50.780 [http-nio-8080-exec-2] DEBUG [3c885876] [GET] [/api/v1/books/isbn/1234567890123] [127.0.0.1] o.s.w.s.m.m.a.RequestMappingHandlerMapping - Mapped to com.ohgiraffers.stability.section01.exception.controller.BookController#getBookByIsbn(String)
2026-04-29 12:07:50.781 [http-nio-8080-exec-2] INFO  [3c885876] [GET] [/api/v1/books/isbn/1234567890123] [127.0.0.1] c.o.s.s.e.controller.BookController - [s1][BookController] ISBN으로 도서 조회 요청 - ISBN: 1234567890123
2026-04-29 12:07:50.782 [http-nio-8080-exec-2] DEBUG [3c885876] [GET] [/api/v1/books/isbn/1234567890123] [127.0.0.1] c.o.s.s.e.service.BookService - ISBN으로 도서 조회 시작 - ISBN: 1234567890123
2026-04-29 12:07:50.784 [http-nio-8080-exec-2] DEBUG [3c885876] [GET] [/api/v1/books/isbn/1234567890123] [127.0.0.1] org.hibernate.SQL - 
    select
        b1_0.book_id,
        b1_0.author,
        b1_0.available,
        b1_0.isbn,
        b1_0.publish_date,
        b1_0.publisher,
        b1_0.stock_quantity,
        b1_0.title 
    from
        tbl_book b1_0 
    where
        b1_0.isbn=?
2026-04-29 12:07:50.786 [http-nio-8080-exec-2] DEBUG [3c885876] [GET] [/api/v1/books/isbn/1234567890123] [127.0.0.1] o.s.w.s.m.m.a.ExceptionHandlerExceptionResolver - Using @ExceptionHandler com.ohgiraffers.stability.section01.exception.handler.GlobalExceptionHandler#handleBookNotFoundException(BookNotFoundException, HttpServletRequest)
2026-04-29 12:07:50.787 [http-nio-8080-exec-2] WARN  [3c885876] [GET] [/api/v1/books/isbn/1234567890123] [127.0.0.1] c.o.s.s.e.h.GlobalExceptionHandler - [s1][GlobalExceptionHandler] 도서 조회 실패: 해당 ISBN의 도서를 찾을 수 없습니다: 1234567890123
2026-04-29 12:07:50.787 [http-nio-8080-exec-2] DEBUG [3c885876] [GET] [/api/v1/books/isbn/1234567890123] [127.0.0.1] o.s.w.s.m.m.a.HttpEntityMethodProcessor - Using 'application/json', given [*/*] and supported [application/json, application/*+json]
2026-04-29 12:07:50.787 [http-nio-8080-exec-2] DEBUG [3c885876] [GET] [/api/v1/books/isbn/1234567890123] [127.0.0.1] o.s.w.s.m.m.a.HttpEntityMethodProcessor - Writing [ErrorResponse{errorCode='BOOK_NOT_FOUND_BY_ISBN', message='해당 ISBN의 도서를 찾을 수 없습니다: 1234567890123', t (truncated)...]
2026-04-29 12:07:50.788 [http-nio-8080-exec-2] WARN  [3c885876] [GET] [/api/v1/books/isbn/1234567890123] [127.0.0.1] o.s.w.s.m.m.a.ExceptionHandlerExceptionResolver - Resolved [com.ohgiraffers.stability.section01.exception.exception.BookNotFoundException: 해당 ISBN의 도서를 찾을 수 없습니다: 1234567890123]
2026-04-29 12:07:50.789 [http-nio-8080-exec-2] DEBUG [3c885876] [GET] [/api/v1/books/isbn/1234567890123] [127.0.0.1] o.s.web.servlet.DispatcherServlet - Completed 404 NOT_FOUND
2026-04-29 12:07:50.835 [http-nio-8080-exec-3] DEBUG [3d42f209] [PATCH] [/api/v1/books/999/stock/increase] [127.0.0.1] o.s.web.servlet.DispatcherServlet - PATCH "/api/v1/books/999/stock/increase?quantity=5", parameters={masked}
2026-04-29 12:07:50.835 [http-nio-8080-exec-3] DEBUG [3d42f209] [PATCH] [/api/v1/books/999/stock/increase] [127.0.0.1] o.s.w.s.m.m.a.RequestMappingHandlerMapping - Mapped to com.ohgiraffers.stability.section01.exception.controller.BookController#increaseStock(Long, int)
2026-04-29 12:07:50.836 [http-nio-8080-exec-3] INFO  [3d42f209] [PATCH] [/api/v1/books/999/stock/increase] [127.0.0.1] c.o.s.s.e.controller.BookController - [s1][BookController] 재고 증가 요청 - 도서 ID: 999, 증가 수량: 5
2026-04-29 12:07:50.836 [http-nio-8080-exec-3] DEBUG [3d42f209] [PATCH] [/api/v1/books/999/stock/increase] [127.0.0.1] c.o.s.s.e.service.BookService - 재고 증가 시작 - 도서 ID: 999, 증가 수량: 5
2026-04-29 12:07:50.836 [http-nio-8080-exec-3] DEBUG [3d42f209] [PATCH] [/api/v1/books/999/stock/increase] [127.0.0.1] org.hibernate.SQL - 
    select
        b1_0.book_id,
        b1_0.author,
        b1_0.available,
        b1_0.isbn,
        b1_0.publish_date,
        b1_0.publisher,
        b1_0.stock_quantity,
        b1_0.title 
    from
        tbl_book b1_0 
    where
        b1_0.book_id=?
2026-04-29 12:07:50.838 [http-nio-8080-exec-3] DEBUG [3d42f209] [PATCH] [/api/v1/books/999/stock/increase] [127.0.0.1] o.s.w.s.m.m.a.ExceptionHandlerExceptionResolver - Using @ExceptionHandler com.ohgiraffers.stability.section01.exception.handler.GlobalExceptionHandler#handleBookNotFoundException(BookNotFoundException, HttpServletRequest)
2026-04-29 12:07:50.838 [http-nio-8080-exec-3] WARN  [3d42f209] [PATCH] [/api/v1/books/999/stock/increase] [127.0.0.1] c.o.s.s.e.h.GlobalExceptionHandler - [s1][GlobalExceptionHandler] 도서 조회 실패: 해당 ID의 도서를 찾을 수 없습니다: 999
2026-04-29 12:07:50.838 [http-nio-8080-exec-3] DEBUG [3d42f209] [PATCH] [/api/v1/books/999/stock/increase] [127.0.0.1] o.s.w.s.m.m.a.HttpEntityMethodProcessor - Using 'application/json', given [*/*] and supported [application/json, application/*+json]
2026-04-29 12:07:50.838 [http-nio-8080-exec-3] DEBUG [3d42f209] [PATCH] [/api/v1/books/999/stock/increase] [127.0.0.1] o.s.w.s.m.m.a.HttpEntityMethodProcessor - Writing [ErrorResponse{errorCode='BOOK_NOT_FOUND_BY_ID', message='해당 ID의 도서를 찾을 수 없습니다: 999', timestamp=2026- (truncated)...]
2026-04-29 12:07:50.838 [http-nio-8080-exec-3] WARN  [3d42f209] [PATCH] [/api/v1/books/999/stock/increase] [127.0.0.1] o.s.w.s.m.m.a.ExceptionHandlerExceptionResolver - Resolved [com.ohgiraffers.stability.section01.exception.exception.BookNotFoundException: 해당 ID의 도서를 찾을 수 없습니다: 999]
2026-04-29 12:07:50.839 [http-nio-8080-exec-3] DEBUG [3d42f209] [PATCH] [/api/v1/books/999/stock/increase] [127.0.0.1] o.s.web.servlet.DispatcherServlet - Completed 404 NOT_FOUND
2026-04-29 12:07:50.866 [http-nio-8080-exec-4] DEBUG [062c5194] [PUT] [/api/v1/books/999] [127.0.0.1] o.s.web.servlet.DispatcherServlet - PUT "/api/v1/books/999", parameters={}
2026-04-29 12:07:50.866 [http-nio-8080-exec-4] DEBUG [062c5194] [PUT] [/api/v1/books/999] [127.0.0.1] o.s.w.s.m.m.a.RequestMappingHandlerMapping - Mapped to com.ohgiraffers.stability.section01.exception.controller.BookController#updateBook(Long, BookDTO)
2026-04-29 12:07:50.867 [http-nio-8080-exec-4] DEBUG [062c5194] [PUT] [/api/v1/books/999] [127.0.0.1] o.s.w.s.m.m.a.RequestResponseBodyMethodProcessor - Read "application/json;charset=UTF-8" to [BookDTO{bookId=null, isbn='null', title='존재하지 않는 도서', author='테스트', publisher='테스트', publishDate=202 (truncated)...]
2026-04-29 12:07:50.868 [http-nio-8080-exec-4] INFO  [062c5194] [PUT] [/api/v1/books/999] [127.0.0.1] c.o.s.s.e.controller.BookController - [s1][BookController] 도서 정보 수정 요청 - ID: 999
2026-04-29 12:07:50.868 [http-nio-8080-exec-4] DEBUG [062c5194] [PUT] [/api/v1/books/999] [127.0.0.1] c.o.s.s.e.service.BookService - 도서 정보 수정 시작 - ID: 999
2026-04-29 12:07:50.869 [http-nio-8080-exec-4] DEBUG [062c5194] [PUT] [/api/v1/books/999] [127.0.0.1] org.hibernate.SQL - 
    select
        b1_0.book_id,
        b1_0.author,
        b1_0.available,
        b1_0.isbn,
        b1_0.publish_date,
        b1_0.publisher,
        b1_0.stock_quantity,
        b1_0.title 
    from
        tbl_book b1_0 
    where
        b1_0.book_id=?
2026-04-29 12:07:50.870 [http-nio-8080-exec-4] DEBUG [062c5194] [PUT] [/api/v1/books/999] [127.0.0.1] o.s.w.s.m.m.a.ExceptionHandlerExceptionResolver - Using @ExceptionHandler com.ohgiraffers.stability.section01.exception.handler.GlobalExceptionHandler#handleBookNotFoundException(BookNotFoundException, HttpServletRequest)
2026-04-29 12:07:50.871 [http-nio-8080-exec-4] WARN  [062c5194] [PUT] [/api/v1/books/999] [127.0.0.1] c.o.s.s.e.h.GlobalExceptionHandler - [s1][GlobalExceptionHandler] 도서 조회 실패: 해당 ID의 도서를 찾을 수 없습니다: 999
2026-04-29 12:07:50.871 [http-nio-8080-exec-4] DEBUG [062c5194] [PUT] [/api/v1/books/999] [127.0.0.1] o.s.w.s.m.m.a.HttpEntityMethodProcessor - Using 'application/json', given [*/*] and supported [application/json, application/*+json]
2026-04-29 12:07:50.871 [http-nio-8080-exec-4] DEBUG [062c5194] [PUT] [/api/v1/books/999] [127.0.0.1] o.s.w.s.m.m.a.HttpEntityMethodProcessor - Writing [ErrorResponse{errorCode='BOOK_NOT_FOUND_BY_ID', message='해당 ID의 도서를 찾을 수 없습니다: 999', timestamp=2026- (truncated)...]
2026-04-29 12:07:50.871 [http-nio-8080-exec-4] WARN  [062c5194] [PUT] [/api/v1/books/999] [127.0.0.1] o.s.w.s.m.m.a.ExceptionHandlerExceptionResolver - Resolved [com.ohgiraffers.stability.section01.exception.exception.BookNotFoundException: 해당 ID의 도서를 찾을 수 없습니다: 999]
2026-04-29 12:07:50.872 [http-nio-8080-exec-4] DEBUG [062c5194] [PUT] [/api/v1/books/999] [127.0.0.1] o.s.web.servlet.DispatcherServlet - Completed 404 NOT_FOUND
2026-04-29 12:07:50.905 [http-nio-8080-exec-5] DEBUG [bdf8e551] [DELETE] [/api/v1/books/999] [127.0.0.1] o.s.web.servlet.DispatcherServlet - DELETE "/api/v1/books/999", parameters={}
2026-04-29 12:07:50.906 [http-nio-8080-exec-5] DEBUG [bdf8e551] [DELETE] [/api/v1/books/999] [127.0.0.1] o.s.w.s.m.m.a.RequestMappingHandlerMapping - Mapped to com.ohgiraffers.stability.section01.exception.controller.BookController#deleteBook(Long)
2026-04-29 12:07:50.906 [http-nio-8080-exec-5] INFO  [bdf8e551] [DELETE] [/api/v1/books/999] [127.0.0.1] c.o.s.s.e.controller.BookController - [s1][BookController] 도서 삭제 요청 - ID: 999
2026-04-29 12:07:50.906 [http-nio-8080-exec-5] DEBUG [bdf8e551] [DELETE] [/api/v1/books/999] [127.0.0.1] c.o.s.s.e.service.BookService - 도서 삭제 시작 - ID: 999
2026-04-29 12:07:50.907 [http-nio-8080-exec-5] DEBUG [bdf8e551] [DELETE] [/api/v1/books/999] [127.0.0.1] org.hibernate.SQL - 
    select
        b1_0.book_id,
        b1_0.author,
        b1_0.available,
        b1_0.isbn,
        b1_0.publish_date,
        b1_0.publisher,
        b1_0.stock_quantity,
        b1_0.title 
    from
        tbl_book b1_0 
    where
        b1_0.book_id=?
2026-04-29 12:07:50.909 [http-nio-8080-exec-5] DEBUG [bdf8e551] [DELETE] [/api/v1/books/999] [127.0.0.1] o.s.w.s.m.m.a.ExceptionHandlerExceptionResolver - Using @ExceptionHandler com.ohgiraffers.stability.section01.exception.handler.GlobalExceptionHandler#handleBookNotFoundException(BookNotFoundException, HttpServletRequest)
2026-04-29 12:07:50.909 [http-nio-8080-exec-5] WARN  [bdf8e551] [DELETE] [/api/v1/books/999] [127.0.0.1] c.o.s.s.e.h.GlobalExceptionHandler - [s1][GlobalExceptionHandler] 도서 조회 실패: 해당 ID의 도서를 찾을 수 없습니다: 999
2026-04-29 12:07:50.909 [http-nio-8080-exec-5] DEBUG [bdf8e551] [DELETE] [/api/v1/books/999] [127.0.0.1] o.s.w.s.m.m.a.HttpEntityMethodProcessor - Using 'application/json', given [*/*] and supported [application/json, application/*+json]
2026-04-29 12:07:50.909 [http-nio-8080-exec-5] DEBUG [bdf8e551] [DELETE] [/api/v1/books/999] [127.0.0.1] o.s.w.s.m.m.a.HttpEntityMethodProcessor - Writing [ErrorResponse{errorCode='BOOK_NOT_FOUND_BY_ID', message='해당 ID의 도서를 찾을 수 없습니다: 999', timestamp=2026- (truncated)...]
2026-04-29 12:07:50.910 [http-nio-8080-exec-5] WARN  [bdf8e551] [DELETE] [/api/v1/books/999] [127.0.0.1] o.s.w.s.m.m.a.ExceptionHandlerExceptionResolver - Resolved [com.ohgiraffers.stability.section01.exception.exception.BookNotFoundException: 해당 ID의 도서를 찾을 수 없습니다: 999]
2026-04-29 12:07:50.910 [http-nio-8080-exec-5] DEBUG [bdf8e551] [DELETE] [/api/v1/books/999] [127.0.0.1] o.s.web.servlet.DispatcherServlet - Completed 404 NOT_FOUND
2026-04-29 12:07:50.937 [http-nio-8080-exec-6] DEBUG [ec9c0ade] [POST] [/api/v1/books] [127.0.0.1] o.s.web.servlet.DispatcherServlet - POST "/api/v1/books", parameters={}
2026-04-29 12:07:50.937 [http-nio-8080-exec-6] DEBUG [ec9c0ade] [POST] [/api/v1/books] [127.0.0.1] o.s.w.s.m.m.a.RequestMappingHandlerMapping - Mapped to com.ohgiraffers.stability.section01.exception.controller.BookController#registerBook(BookDTO)
2026-04-29 12:07:50.938 [http-nio-8080-exec-6] DEBUG [ec9c0ade] [POST] [/api/v1/books] [127.0.0.1] o.s.w.s.m.m.a.RequestResponseBodyMethodProcessor - Read "application/json;charset=UTF-8" to [BookDTO{bookId=null, isbn='9788966262281', title='중복 ISBN 테스트 도서', author='테스트 저자', publisher='테스트 출 (truncated)...]
2026-04-29 12:07:50.938 [http-nio-8080-exec-6] INFO  [ec9c0ade] [POST] [/api/v1/books] [127.0.0.1] c.o.s.s.e.controller.BookController - [s1][BookController] 도서 등록 요청 - ISBN: 9788966262281, 제목: 중복 ISBN 테스트 도서
2026-04-29 12:07:50.939 [http-nio-8080-exec-6] DEBUG [ec9c0ade] [POST] [/api/v1/books] [127.0.0.1] c.o.s.s.e.service.BookService - 도서 등록 시작 - ISBN: 9788966262281, 제목: 중복 ISBN 테스트 도서
2026-04-29 12:07:50.940 [http-nio-8080-exec-6] DEBUG [ec9c0ade] [POST] [/api/v1/books] [127.0.0.1] org.hibernate.SQL - 
    select
        b1_0.book_id 
    from
        tbl_book b1_0 
    where
        b1_0.isbn=? 
    fetch
        first ? rows only
2026-04-29 12:07:50.942 [http-nio-8080-exec-6] DEBUG [ec9c0ade] [POST] [/api/v1/books] [127.0.0.1] o.s.w.s.m.m.a.ExceptionHandlerExceptionResolver - Using @ExceptionHandler com.ohgiraffers.stability.section01.exception.handler.GlobalExceptionHandler#handleDuplicateIsbnException(DuplicateIsbnException, HttpServletRequest)
2026-04-29 12:07:50.942 [http-nio-8080-exec-6] WARN  [ec9c0ade] [POST] [/api/v1/books] [127.0.0.1] c.o.s.s.e.h.GlobalExceptionHandler - [s1][GlobalExceptionHandler] 중복 ISBN 등록 시도: 이미 존재하는 ISBN입니다: 9788966262281
2026-04-29 12:07:50.943 [http-nio-8080-exec-6] DEBUG [ec9c0ade] [POST] [/api/v1/books] [127.0.0.1] o.s.w.s.m.m.a.HttpEntityMethodProcessor - Using 'application/json', given [*/*] and supported [application/json, application/*+json]
2026-04-29 12:07:50.943 [http-nio-8080-exec-6] DEBUG [ec9c0ade] [POST] [/api/v1/books] [127.0.0.1] o.s.w.s.m.m.a.HttpEntityMethodProcessor - Writing [ErrorResponse{errorCode='DUPLICATE_ISBN', message='이미 존재하는 ISBN입니다: 9788966262281', timestamp=2026-0 (truncated)...]
2026-04-29 12:07:50.943 [http-nio-8080-exec-6] WARN  [ec9c0ade] [POST] [/api/v1/books] [127.0.0.1] o.s.w.s.m.m.a.ExceptionHandlerExceptionResolver - Resolved [com.ohgiraffers.stability.section01.exception.exception.DuplicateIsbnException: 이미 존재하는 ISBN입니다: 9788966262281]
2026-04-29 12:07:50.944 [http-nio-8080-exec-6] DEBUG [ec9c0ade] [POST] [/api/v1/books] [127.0.0.1] o.s.web.servlet.DispatcherServlet - Completed 409 CONFLICT
2026-04-29 12:07:50.988 [http-nio-8080-exec-7] DEBUG [61599e78] [GET] [/api/v1/books/3] [127.0.0.1] o.s.web.servlet.DispatcherServlet - GET "/api/v1/books/3", parameters={}
2026-04-29 12:07:50.989 [http-nio-8080-exec-7] DEBUG [61599e78] [GET] [/api/v1/books/3] [127.0.0.1] o.s.w.s.m.m.a.RequestMappingHandlerMapping - Mapped to com.ohgiraffers.stability.section01.exception.controller.BookController#getBookById(Long)
2026-04-29 12:07:50.989 [http-nio-8080-exec-7] INFO  [61599e78] [GET] [/api/v1/books/3] [127.0.0.1] c.o.s.s.e.controller.BookController - [s1][BookController] 도서 조회 요청 - ID: 3
2026-04-29 12:07:50.990 [http-nio-8080-exec-7] DEBUG [61599e78] [GET] [/api/v1/books/3] [127.0.0.1] c.o.s.s.e.service.BookService - 도서 조회 시작 - ID: 3
2026-04-29 12:07:50.990 [http-nio-8080-exec-7] DEBUG [61599e78] [GET] [/api/v1/books/3] [127.0.0.1] org.hibernate.SQL - 
    select
        b1_0.book_id,
        b1_0.author,
        b1_0.available,
        b1_0.isbn,
        b1_0.publish_date,
        b1_0.publisher,
        b1_0.stock_quantity,
        b1_0.title 
    from
        tbl_book b1_0 
    where
        b1_0.book_id=?
2026-04-29 12:07:50.991 [http-nio-8080-exec-7] DEBUG [61599e78] [GET] [/api/v1/books/3] [127.0.0.1] c.o.s.s.e.service.BookService - 도서 조회 완료 - 제목: Effective Java 3/E
2026-04-29 12:07:50.991 [http-nio-8080-exec-7] INFO  [61599e78] [GET] [/api/v1/books/3] [127.0.0.1] c.o.s.s.e.controller.BookController - [s1][BookController] 도서 조회 완료 - ID: 3, 제목: Effective Java 3/E
2026-04-29 12:07:50.992 [http-nio-8080-exec-7] DEBUG [61599e78] [GET] [/api/v1/books/3] [127.0.0.1] o.s.w.s.m.m.a.HttpEntityMethodProcessor - Using 'application/json', given [*/*] and supported [application/json, application/*+json]
2026-04-29 12:07:50.992 [http-nio-8080-exec-7] DEBUG [61599e78] [GET] [/api/v1/books/3] [127.0.0.1] o.s.w.s.m.m.a.HttpEntityMethodProcessor - Writing [BookDTO{bookId=3, isbn='9788960773417', title='Effective Java 3/E', author='조슈아 블로크', publisher='인사이 (truncated)...]
2026-04-29 12:07:50.993 [http-nio-8080-exec-7] DEBUG [61599e78] [GET] [/api/v1/books/3] [127.0.0.1] o.s.web.servlet.DispatcherServlet - Completed 200 OK
2026-04-29 12:07:51.024 [http-nio-8080-exec-8] DEBUG [212d5454] [PATCH] [/api/v1/books/3/stock/decrease] [127.0.0.1] o.s.web.servlet.DispatcherServlet - PATCH "/api/v1/books/3/stock/decrease?quantity=10", parameters={masked}
2026-04-29 12:07:51.025 [http-nio-8080-exec-8] DEBUG [212d5454] [PATCH] [/api/v1/books/3/stock/decrease] [127.0.0.1] o.s.w.s.m.m.a.RequestMappingHandlerMapping - Mapped to com.ohgiraffers.stability.section01.exception.controller.BookController#decreaseStock(Long, int)
2026-04-29 12:07:51.025 [http-nio-8080-exec-8] INFO  [212d5454] [PATCH] [/api/v1/books/3/stock/decrease] [127.0.0.1] c.o.s.s.e.controller.BookController - [s1][BookController] 재고 감소 요청 - 도서 ID: 3, 감소 수량: 10
2026-04-29 12:07:51.026 [http-nio-8080-exec-8] DEBUG [212d5454] [PATCH] [/api/v1/books/3/stock/decrease] [127.0.0.1] c.o.s.s.e.service.BookService - 재고 감소 시작 - 도서 ID: 3, 감소 수량: 10
2026-04-29 12:07:51.026 [http-nio-8080-exec-8] DEBUG [212d5454] [PATCH] [/api/v1/books/3/stock/decrease] [127.0.0.1] org.hibernate.SQL - 
    select
        b1_0.book_id,
        b1_0.author,
        b1_0.available,
        b1_0.isbn,
        b1_0.publish_date,
        b1_0.publisher,
        b1_0.stock_quantity,
        b1_0.title 
    from
        tbl_book b1_0 
    where
        b1_0.book_id=?
2026-04-29 12:07:51.029 [http-nio-8080-exec-8] DEBUG [212d5454] [PATCH] [/api/v1/books/3/stock/decrease] [127.0.0.1] o.s.w.s.m.m.a.ExceptionHandlerExceptionResolver - Using @ExceptionHandler com.ohgiraffers.stability.section01.exception.handler.GlobalExceptionHandler#handleInsufficientStockException(InsufficientStockException, HttpServletRequest)
2026-04-29 12:07:51.029 [http-nio-8080-exec-8] WARN  [212d5454] [PATCH] [/api/v1/books/3/stock/decrease] [127.0.0.1] c.o.s.s.e.h.GlobalExceptionHandler - [s1][GlobalExceptionHandler] 재고 부족: 재고가 부족합니다. 도서: Effective Java 3/E, 요청 수량: 10, 현재 재고: 0
2026-04-29 12:07:51.029 [http-nio-8080-exec-8] DEBUG [212d5454] [PATCH] [/api/v1/books/3/stock/decrease] [127.0.0.1] o.s.w.s.m.m.a.HttpEntityMethodProcessor - Using 'application/json', given [*/*] and supported [application/json, application/*+json]
2026-04-29 12:07:51.029 [http-nio-8080-exec-8] DEBUG [212d5454] [PATCH] [/api/v1/books/3/stock/decrease] [127.0.0.1] o.s.w.s.m.m.a.HttpEntityMethodProcessor - Writing [ErrorResponse{errorCode='INSUFFICIENT_STOCK', message='재고가 부족합니다. 도서: Effective Java 3/E, 요청 수량: 10, (truncated)...]
2026-04-29 12:07:51.030 [http-nio-8080-exec-8] WARN  [212d5454] [PATCH] [/api/v1/books/3/stock/decrease] [127.0.0.1] o.s.w.s.m.m.a.ExceptionHandlerExceptionResolver - Resolved [com.ohgiraffers.stability.section01.exception.exception.InsufficientStockException: 재고가 부족합니다. 도서: Effective Java 3/E, 요청 수량: 10, 현재 재고: 0]
2026-04-29 12:07:51.030 [http-nio-8080-exec-8] DEBUG [212d5454] [PATCH] [/api/v1/books/3/stock/decrease] [127.0.0.1] o.s.web.servlet.DispatcherServlet - Completed 400 BAD_REQUEST
2026-04-29 12:07:51.070 [http-nio-8080-exec-9] DEBUG [a5ddb48c] [PATCH] [/api/v1/books/3/stock/decrease] [127.0.0.1] o.s.web.servlet.DispatcherServlet - PATCH "/api/v1/books/3/stock/decrease?quantity=3", parameters={masked}
2026-04-29 12:07:51.070 [http-nio-8080-exec-9] DEBUG [a5ddb48c] [PATCH] [/api/v1/books/3/stock/decrease] [127.0.0.1] o.s.w.s.m.m.a.RequestMappingHandlerMapping - Mapped to com.ohgiraffers.stability.section01.exception.controller.BookController#decreaseStock(Long, int)
2026-04-29 12:07:51.071 [http-nio-8080-exec-9] INFO  [a5ddb48c] [PATCH] [/api/v1/books/3/stock/decrease] [127.0.0.1] c.o.s.s.e.controller.BookController - [s1][BookController] 재고 감소 요청 - 도서 ID: 3, 감소 수량: 3
2026-04-29 12:07:51.072 [http-nio-8080-exec-9] DEBUG [a5ddb48c] [PATCH] [/api/v1/books/3/stock/decrease] [127.0.0.1] c.o.s.s.e.service.BookService - 재고 감소 시작 - 도서 ID: 3, 감소 수량: 3
2026-04-29 12:07:51.072 [http-nio-8080-exec-9] DEBUG [a5ddb48c] [PATCH] [/api/v1/books/3/stock/decrease] [127.0.0.1] org.hibernate.SQL - 
    select
        b1_0.book_id,
        b1_0.author,
        b1_0.available,
        b1_0.isbn,
        b1_0.publish_date,
        b1_0.publisher,
        b1_0.stock_quantity,
        b1_0.title 
    from
        tbl_book b1_0 
    where
        b1_0.book_id=?
2026-04-29 12:07:51.074 [http-nio-8080-exec-9] DEBUG [a5ddb48c] [PATCH] [/api/v1/books/3/stock/decrease] [127.0.0.1] o.s.w.s.m.m.a.ExceptionHandlerExceptionResolver - Using @ExceptionHandler com.ohgiraffers.stability.section01.exception.handler.GlobalExceptionHandler#handleInsufficientStockException(InsufficientStockException, HttpServletRequest)
2026-04-29 12:07:51.074 [http-nio-8080-exec-9] WARN  [a5ddb48c] [PATCH] [/api/v1/books/3/stock/decrease] [127.0.0.1] c.o.s.s.e.h.GlobalExceptionHandler - [s1][GlobalExceptionHandler] 재고 부족: 재고가 부족합니다. 도서: Effective Java 3/E, 요청 수량: 3, 현재 재고: 0
2026-04-29 12:07:51.074 [http-nio-8080-exec-9] DEBUG [a5ddb48c] [PATCH] [/api/v1/books/3/stock/decrease] [127.0.0.1] o.s.w.s.m.m.a.HttpEntityMethodProcessor - Using 'application/json', given [*/*] and supported [application/json, application/*+json]
2026-04-29 12:07:51.074 [http-nio-8080-exec-9] DEBUG [a5ddb48c] [PATCH] [/api/v1/books/3/stock/decrease] [127.0.0.1] o.s.w.s.m.m.a.HttpEntityMethodProcessor - Writing [ErrorResponse{errorCode='INSUFFICIENT_STOCK', message='재고가 부족합니다. 도서: Effective Java 3/E, 요청 수량: 3,  (truncated)...]
2026-04-29 12:07:51.074 [http-nio-8080-exec-9] WARN  [a5ddb48c] [PATCH] [/api/v1/books/3/stock/decrease] [127.0.0.1] o.s.w.s.m.m.a.ExceptionHandlerExceptionResolver - Resolved [com.ohgiraffers.stability.section01.exception.exception.InsufficientStockException: 재고가 부족합니다. 도서: Effective Java 3/E, 요청 수량: 3, 현재 재고: 0]
2026-04-29 12:07:51.075 [http-nio-8080-exec-9] DEBUG [a5ddb48c] [PATCH] [/api/v1/books/3/stock/decrease] [127.0.0.1] o.s.web.servlet.DispatcherServlet - Completed 400 BAD_REQUEST
2026-04-29 12:07:51.111 [http-nio-8080-exec-10] DEBUG [6b5a23a3] [PATCH] [/api/v1/books/1/stock/increase] [127.0.0.1] o.s.web.servlet.DispatcherServlet - PATCH "/api/v1/books/1/stock/increase?quantity=-5", parameters={masked}
2026-04-29 12:07:51.111 [http-nio-8080-exec-10] DEBUG [6b5a23a3] [PATCH] [/api/v1/books/1/stock/increase] [127.0.0.1] o.s.w.s.m.m.a.RequestMappingHandlerMapping - Mapped to com.ohgiraffers.stability.section01.exception.controller.BookController#increaseStock(Long, int)
2026-04-29 12:07:51.112 [http-nio-8080-exec-10] INFO  [6b5a23a3] [PATCH] [/api/v1/books/1/stock/increase] [127.0.0.1] c.o.s.s.e.controller.BookController - [s1][BookController] 재고 증가 요청 - 도서 ID: 1, 증가 수량: -5
2026-04-29 12:07:51.112 [http-nio-8080-exec-10] DEBUG [6b5a23a3] [PATCH] [/api/v1/books/1/stock/increase] [127.0.0.1] c.o.s.s.e.service.BookService - 재고 증가 시작 - 도서 ID: 1, 증가 수량: -5
2026-04-29 12:07:51.113 [http-nio-8080-exec-10] DEBUG [6b5a23a3] [PATCH] [/api/v1/books/1/stock/increase] [127.0.0.1] org.hibernate.SQL - 
    select
        b1_0.book_id,
        b1_0.author,
        b1_0.available,
        b1_0.isbn,
        b1_0.publish_date,
        b1_0.publisher,
        b1_0.stock_quantity,
        b1_0.title 
    from
        tbl_book b1_0 
    where
        b1_0.book_id=?
2026-04-29 12:07:51.114 [http-nio-8080-exec-10] INFO  [6b5a23a3] [PATCH] [/api/v1/books/1/stock/increase] [127.0.0.1] c.o.s.s.e.service.BookService - [s1][BookService] 재고 증가 완료 - 도서 ID: 1, 현재 재고: 7
2026-04-29 12:07:51.114 [http-nio-8080-exec-10] DEBUG [6b5a23a3] [PATCH] [/api/v1/books/1/stock/increase] [127.0.0.1] org.hibernate.SQL - 
    update
        tbl_book 
    set
        author=?,
        available=?,
        isbn=?,
        publish_date=?,
        publisher=?,
        stock_quantity=?,
        title=? 
    where
        book_id=?
2026-04-29 12:07:51.115 [http-nio-8080-exec-10] INFO  [6b5a23a3] [PATCH] [/api/v1/books/1/stock/increase] [127.0.0.1] c.o.s.s.e.controller.BookController - [s1][BookController] 재고 증가 완료 - 도서 ID: 1, 현재 재고: 7
2026-04-29 12:07:51.116 [http-nio-8080-exec-10] DEBUG [6b5a23a3] [PATCH] [/api/v1/books/1/stock/increase] [127.0.0.1] o.s.w.s.m.m.a.HttpEntityMethodProcessor - Using 'application/json', given [*/*] and supported [application/json, application/*+json]
2026-04-29 12:07:51.116 [http-nio-8080-exec-10] DEBUG [6b5a23a3] [PATCH] [/api/v1/books/1/stock/increase] [127.0.0.1] o.s.w.s.m.m.a.HttpEntityMethodProcessor - Writing [BookDTO{bookId=1, isbn='9788966262281', title='스프링 부트와 AWS로 혼자 구현하는 웹 서비스 (개정판)', author='이동욱', publ (truncated)...]
2026-04-29 12:07:51.116 [http-nio-8080-exec-10] DEBUG [6b5a23a3] [PATCH] [/api/v1/books/1/stock/increase] [127.0.0.1] o.s.web.servlet.DispatcherServlet - Completed 200 OK
2026-04-29 12:07:51.248 [http-nio-8080-exec-1] DEBUG [a241321b] [PATCH] [/api/v1/books/1/stock/decrease] [127.0.0.1] o.s.web.servlet.DispatcherServlet - PATCH "/api/v1/books/1/stock/decrease?quantity=-3", parameters={masked}
2026-04-29 12:07:51.248 [http-nio-8080-exec-1] DEBUG [a241321b] [PATCH] [/api/v1/books/1/stock/decrease] [127.0.0.1] o.s.w.s.m.m.a.RequestMappingHandlerMapping - Mapped to com.ohgiraffers.stability.section01.exception.controller.BookController#decreaseStock(Long, int)
2026-04-29 12:07:51.249 [http-nio-8080-exec-1] INFO  [a241321b] [PATCH] [/api/v1/books/1/stock/decrease] [127.0.0.1] c.o.s.s.e.controller.BookController - [s1][BookController] 재고 감소 요청 - 도서 ID: 1, 감소 수량: -3
2026-04-29 12:07:51.249 [http-nio-8080-exec-1] DEBUG [a241321b] [PATCH] [/api/v1/books/1/stock/decrease] [127.0.0.1] c.o.s.s.e.service.BookService - 재고 감소 시작 - 도서 ID: 1, 감소 수량: -3
2026-04-29 12:07:51.250 [http-nio-8080-exec-1] DEBUG [a241321b] [PATCH] [/api/v1/books/1/stock/decrease] [127.0.0.1] org.hibernate.SQL - 
    select
        b1_0.book_id,
        b1_0.author,
        b1_0.available,
        b1_0.isbn,
        b1_0.publish_date,
        b1_0.publisher,
        b1_0.stock_quantity,
        b1_0.title 
    from
        tbl_book b1_0 
    where
        b1_0.book_id=?
2026-04-29 12:07:51.251 [http-nio-8080-exec-1] INFO  [a241321b] [PATCH] [/api/v1/books/1/stock/decrease] [127.0.0.1] c.o.s.s.e.service.BookService - [s1][BookService] 재고 감소 완료 - 도서 ID: 1, 현재 재고: 10
2026-04-29 12:07:51.252 [http-nio-8080-exec-1] DEBUG [a241321b] [PATCH] [/api/v1/books/1/stock/decrease] [127.0.0.1] org.hibernate.SQL - 
    update
        tbl_book 
    set
        author=?,
        available=?,
        isbn=?,
        publish_date=?,
        publisher=?,
        stock_quantity=?,
        title=? 
    where
        book_id=?
2026-04-29 12:07:51.253 [http-nio-8080-exec-1] INFO  [a241321b] [PATCH] [/api/v1/books/1/stock/decrease] [127.0.0.1] c.o.s.s.e.controller.BookController - [s1][BookController] 재고 감소 완료 - 도서 ID: 1, 현재 재고: 10
2026-04-29 12:07:51.254 [http-nio-8080-exec-1] DEBUG [a241321b] [PATCH] [/api/v1/books/1/stock/decrease] [127.0.0.1] o.s.w.s.m.m.a.HttpEntityMethodProcessor - Using 'application/json', given [*/*] and supported [application/json, application/*+json]
2026-04-29 12:07:51.254 [http-nio-8080-exec-1] DEBUG [a241321b] [PATCH] [/api/v1/books/1/stock/decrease] [127.0.0.1] o.s.w.s.m.m.a.HttpEntityMethodProcessor - Writing [BookDTO{bookId=1, isbn='9788966262281', title='스프링 부트와 AWS로 혼자 구현하는 웹 서비스 (개정판)', author='이동욱', publ (truncated)...]
2026-04-29 12:07:51.254 [http-nio-8080-exec-1] DEBUG [a241321b] [PATCH] [/api/v1/books/1/stock/decrease] [127.0.0.1] o.s.web.servlet.DispatcherServlet - Completed 200 OK
2026-04-29 12:07:51.291 [http-nio-8080-exec-2] DEBUG [d34b614d] [POST] [/api/v1/books] [127.0.0.1] o.s.web.servlet.DispatcherServlet - POST "/api/v1/books", parameters={}
2026-04-29 12:07:51.291 [http-nio-8080-exec-2] DEBUG [d34b614d] [POST] [/api/v1/books] [127.0.0.1] o.s.w.s.m.m.a.RequestMappingHandlerMapping - Mapped to com.ohgiraffers.stability.section01.exception.controller.BookController#registerBook(BookDTO)
2026-04-29 12:07:51.293 [http-nio-8080-exec-2] DEBUG [d34b614d] [POST] [/api/v1/books] [127.0.0.1] o.s.web.method.HandlerMethod - Could not resolve parameter [0] in public org.springframework.http.ResponseEntity<com.ohgiraffers.stability.section01.exception.dto.BookDTO> com.ohgiraffers.stability.section01.exception.controller.BookController.registerBook(com.ohgiraffers.stability.section01.exception.dto.BookDTO): JSON parse error: Cannot deserialize value of type `java.time.LocalDate` from String "잘못된 날짜 형식": Failed to deserialize java.time.LocalDate: (java.time.format.DateTimeParseException) Text '잘못된 날짜 형식' could not be parsed at index 0
2026-04-29 12:07:51.293 [http-nio-8080-exec-2] DEBUG [d34b614d] [POST] [/api/v1/books] [127.0.0.1] o.s.w.s.m.m.a.ExceptionHandlerExceptionResolver - Using @ExceptionHandler com.ohgiraffers.stability.section01.exception.handler.GlobalExceptionHandler#handleGenericException(Exception, HttpServletRequest)
2026-04-29 12:07:51.293 [http-nio-8080-exec-2] ERROR [d34b614d] [POST] [/api/v1/books] [127.0.0.1] c.o.s.s.e.h.GlobalExceptionHandler - [s1][GlobalExceptionHandler] 예상하지 못한 오류 발생
org.springframework.http.converter.HttpMessageNotReadableException: JSON parse error: Cannot deserialize value of type `java.time.LocalDate` from String "잘못된 날짜 형식": Failed to deserialize java.time.LocalDate: (java.time.format.DateTimeParseException) Text '잘못된 날짜 형식' could not be parsed at index 0
	at org.springframework.http.converter.json.AbstractJackson2HttpMessageConverter.readJavaType(AbstractJackson2HttpMessageConverter.java:408)
	at org.springframework.http.converter.json.AbstractJackson2HttpMessageConverter.read(AbstractJackson2HttpMessageConverter.java:356)
	at org.springframework.web.servlet.mvc.method.annotation.AbstractMessageConverterMethodArgumentResolver.readWithMessageConverters(AbstractMessageConverterMethodArgumentResolver.java:204)
	at org.springframework.web.servlet.mvc.method.annotation.RequestResponseBodyMethodProcessor.readWithMessageConverters(RequestResponseBodyMethodProcessor.java:176)
	at org.springframework.web.servlet.mvc.method.annotation.RequestResponseBodyMethodProcessor.resolveArgument(RequestResponseBodyMethodProcessor.java:150)
	at org.springframework.web.method.support.HandlerMethodArgumentResolverComposite.resolveArgument(HandlerMethodArgumentResolverComposite.java:122)
	at org.springframework.web.method.support.InvocableHandlerMethod.getMethodArgumentValues(InvocableHandlerMethod.java:227)
	at org.springframework.web.method.support.InvocableHandlerMethod.invokeForRequest(InvocableHandlerMethod.java:181)
	at org.springframework.web.servlet.mvc.method.annotation.ServletInvocableHandlerMethod.invokeAndHandle(ServletInvocableHandlerMethod.java:118)
	at org.springframework.web.servlet.mvc.method.annotation.RequestMappingHandlerAdapter.invokeHandlerMethod(RequestMappingHandlerAdapter.java:991)
	at org.springframework.web.servlet.mvc.method.annotation.RequestMappingHandlerAdapter.handleInternal(RequestMappingHandlerAdapter.java:896)
	at org.springframework.web.servlet.mvc.method.AbstractHandlerMethodAdapter.handle(AbstractHandlerMethodAdapter.java:87)
	at org.springframework.web.servlet.DispatcherServlet.doDispatch(DispatcherServlet.java:1089)
	at org.springframework.web.servlet.DispatcherServlet.doService(DispatcherServlet.java:979)
	at org.springframework.web.servlet.FrameworkServlet.processRequest(FrameworkServlet.java:1014)
	at org.springframework.web.servlet.FrameworkServlet.doPost(FrameworkServlet.java:914)
	at jakarta.servlet.http.HttpServlet.service(HttpServlet.java:590)
	at org.springframework.web.servlet.FrameworkServlet.service(FrameworkServlet.java:885)
	at jakarta.servlet.http.HttpServlet.service(HttpServlet.java:658)
	at org.apache.catalina.core.ApplicationFilterChain.internalDoFilter(ApplicationFilterChain.java:193)
	at org.apache.catalina.core.ApplicationFilterChain.doFilter(ApplicationFilterChain.java:138)
	at org.apache.tomcat.websocket.server.WsFilter.doFilter(WsFilter.java:51)
	at org.apache.catalina.core.ApplicationFilterChain.internalDoFilter(ApplicationFilterChain.java:162)
	at org.apache.catalina.core.ApplicationFilterChain.doFilter(ApplicationFilterChain.java:138)
	at com.ohgiraffers.stability.section02.logging.config.LoggingConfig$1.doFilterInternal(LoggingConfig.java:80)
	at org.springframework.web.filter.OncePerRequestFilter.doFilter(OncePerRequestFilter.java:116)
	at org.apache.catalina.core.ApplicationFilterChain.internalDoFilter(ApplicationFilterChain.java:162)
	at org.apache.catalina.core.ApplicationFilterChain.doFilter(ApplicationFilterChain.java:138)
	at org.springframework.web.filter.RequestContextFilter.doFilterInternal(RequestContextFilter.java:100)
	at org.springframework.web.filter.OncePerRequestFilter.doFilter(OncePerRequestFilter.java:116)
	at org.apache.catalina.core.ApplicationFilterChain.internalDoFilter(ApplicationFilterChain.java:162)
	at org.apache.catalina.core.ApplicationFilterChain.doFilter(ApplicationFilterChain.java:138)
	at org.springframework.web.filter.FormContentFilter.doFilterInternal(FormContentFilter.java:93)
	at org.springframework.web.filter.OncePerRequestFilter.doFilter(OncePerRequestFilter.java:116)
	at org.apache.catalina.core.ApplicationFilterChain.internalDoFilter(ApplicationFilterChain.java:162)
	at org.apache.catalina.core.ApplicationFilterChain.doFilter(ApplicationFilterChain.java:138)
	at org.springframework.web.filter.CharacterEncodingFilter.doFilterInternal(CharacterEncodingFilter.java:201)
	at org.springframework.web.filter.OncePerRequestFilter.doFilter(OncePerRequestFilter.java:116)
	at org.apache.catalina.core.ApplicationFilterChain.internalDoFilter(ApplicationFilterChain.java:162)
	at org.apache.catalina.core.ApplicationFilterChain.doFilter(ApplicationFilterChain.java:138)
	at org.apache.catalina.core.StandardWrapperValve.invoke(StandardWrapperValve.java:165)
	at org.apache.catalina.core.StandardContextValve.invoke(StandardContextValve.java:88)
	at org.apache.catalina.authenticator.AuthenticatorBase.invoke(AuthenticatorBase.java:482)
	at org.apache.catalina.core.StandardHostValve.invoke(StandardHostValve.java:113)
	at org.apache.catalina.valves.ErrorReportValve.invoke(ErrorReportValve.java:83)
	at org.apache.catalina.core.StandardEngineValve.invoke(StandardEngineValve.java:72)
	at org.apache.catalina.connector.CoyoteAdapter.service(CoyoteAdapter.java:342)
	at org.apache.coyote.http11.Http11Processor.service(Http11Processor.java:399)
	at org.apache.coyote.AbstractProcessorLight.process(AbstractProcessorLight.java:63)
	at org.apache.coyote.AbstractProtocol$ConnectionHandler.process(AbstractProtocol.java:903)
	at org.apache.tomcat.util.net.NioEndpoint$SocketProcessor.doRun(NioEndpoint.java:1774)
	at org.apache.tomcat.util.net.SocketProcessorBase.run(SocketProcessorBase.java:52)
	at org.apache.tomcat.util.threads.ThreadPoolExecutor.runWorker(ThreadPoolExecutor.java:973)
	at org.apache.tomcat.util.threads.ThreadPoolExecutor$Worker.run(ThreadPoolExecutor.java:491)
	at org.apache.tomcat.util.threads.TaskThread$WrappingRunnable.run(TaskThread.java:63)
	at java.base/java.lang.Thread.run(Thread.java:840)
Caused by: com.fasterxml.jackson.databind.exc.InvalidFormatException: Cannot deserialize value of type `java.time.LocalDate` from String "잘못된 날짜 형식": Failed to deserialize java.time.LocalDate: (java.time.format.DateTimeParseException) Text '잘못된 날짜 형식' could not be parsed at index 0
 at [Source: REDACTED (`StreamReadFeature.INCLUDE_SOURCE_IN_LOCATION` disabled); line: 6, column: 18] (through reference chain: com.ohgiraffers.stability.section01.exception.dto.BookDTO["publishDate"])
	at com.fasterxml.jackson.databind.exc.InvalidFormatException.from(InvalidFormatException.java:67)
	at com.fasterxml.jackson.databind.DeserializationContext.weirdStringException(DeserializationContext.java:1959)
	at com.fasterxml.jackson.databind.DeserializationContext.handleWeirdStringValue(DeserializationContext.java:1245)
	at com.fasterxml.jackson.datatype.jsr310.deser.JSR310DeserializerBase._handleDateTimeException(JSR310DeserializerBase.java:176)
	at com.fasterxml.jackson.datatype.jsr310.deser.LocalDateDeserializer._fromString(LocalDateDeserializer.java:178)
	at com.fasterxml.jackson.datatype.jsr310.deser.LocalDateDeserializer.deserialize(LocalDateDeserializer.java:91)
	at com.fasterxml.jackson.datatype.jsr310.deser.LocalDateDeserializer.deserialize(LocalDateDeserializer.java:37)
	at com.fasterxml.jackson.databind.deser.impl.MethodProperty.deserializeAndSet(MethodProperty.java:129)
	at com.fasterxml.jackson.databind.deser.BeanDeserializer.deserializeFromObject(BeanDeserializer.java:399)
	at com.fasterxml.jackson.databind.deser.BeanDeserializer.deserialize(BeanDeserializer.java:185)
	at com.fasterxml.jackson.databind.deser.DefaultDeserializationContext.readRootValue(DefaultDeserializationContext.java:342)
	at com.fasterxml.jackson.databind.ObjectReader._bindAndClose(ObjectReader.java:2131)
	at com.fasterxml.jackson.databind.ObjectReader.readValue(ObjectReader.java:1501)
	at org.springframework.http.converter.json.AbstractJackson2HttpMessageConverter.readJavaType(AbstractJackson2HttpMessageConverter.java:397)
	... 55 common frames omitted
Caused by: java.time.format.DateTimeParseException: Text '잘못된 날짜 형식' could not be parsed at index 0
	at java.base/java.time.format.DateTimeFormatter.parseResolved0(DateTimeFormatter.java:2052)
	at java.base/java.time.format.DateTimeFormatter.parse(DateTimeFormatter.java:1954)
	at java.base/java.time.LocalDate.parse(LocalDate.java:430)
	at com.fasterxml.jackson.datatype.jsr310.deser.LocalDateDeserializer._fromString(LocalDateDeserializer.java:176)
	... 64 common frames omitted
2026-04-29 12:07:51.295 [http-nio-8080-exec-2] DEBUG [d34b614d] [POST] [/api/v1/books] [127.0.0.1] o.s.w.s.m.m.a.HttpEntityMethodProcessor - Using 'application/json', given [*/*] and supported [application/json, application/*+json]
2026-04-29 12:07:51.295 [http-nio-8080-exec-2] DEBUG [d34b614d] [POST] [/api/v1/books] [127.0.0.1] o.s.w.s.m.m.a.HttpEntityMethodProcessor - Writing [ErrorResponse{errorCode='INTERNAL_SERVER_ERROR', message='서버 내부 오류가 발생했습니다.', timestamp=2026-04-29T1 (truncated)...]
2026-04-29 12:07:51.295 [http-nio-8080-exec-2] WARN  [d34b614d] [POST] [/api/v1/books] [127.0.0.1] o.s.w.s.m.m.a.ExceptionHandlerExceptionResolver - Resolved [org.springframework.http.converter.HttpMessageNotReadableException: JSON parse error: Cannot deserialize value of type `java.time.LocalDate` from String "잘못된 날짜 형식": Failed to deserialize java.time.LocalDate: (java.time.format.DateTimeParseException) Text '잘못된 날짜 형식' could not be parsed at index 0]
2026-04-29 12:07:51.296 [http-nio-8080-exec-2] DEBUG [d34b614d] [POST] [/api/v1/books] [127.0.0.1] o.s.web.servlet.DispatcherServlet - Completed 500 INTERNAL_SERVER_ERROR
2026-04-29 12:07:51.330 [http-nio-8080-exec-3] DEBUG [0c89f901] [POST] [/api/v1/books] [127.0.0.1] o.s.web.servlet.DispatcherServlet - POST "/api/v1/books", parameters={}
2026-04-29 12:07:51.330 [http-nio-8080-exec-3] DEBUG [0c89f901] [POST] [/api/v1/books] [127.0.0.1] o.s.w.s.m.m.a.RequestMappingHandlerMapping - Mapped to com.ohgiraffers.stability.section01.exception.controller.BookController#registerBook(BookDTO)
2026-04-29 12:07:51.331 [http-nio-8080-exec-3] DEBUG [0c89f901] [POST] [/api/v1/books] [127.0.0.1] o.s.w.s.m.m.a.RequestResponseBodyMethodProcessor - Read "application/json;charset=UTF-8" to [BookDTO{bookId=null, isbn='null', title='제목만 있는 도서', author='null', publisher='null', publishDate=nu (truncated)...]
2026-04-29 12:07:51.332 [http-nio-8080-exec-3] INFO  [0c89f901] [POST] [/api/v1/books] [127.0.0.1] c.o.s.s.e.controller.BookController - [s1][BookController] 도서 등록 요청 - ISBN: null, 제목: 제목만 있는 도서
2026-04-29 12:07:51.332 [http-nio-8080-exec-3] DEBUG [0c89f901] [POST] [/api/v1/books] [127.0.0.1] c.o.s.s.e.service.BookService - 도서 등록 시작 - ISBN: null, 제목: 제목만 있는 도서
2026-04-29 12:07:51.333 [http-nio-8080-exec-3] DEBUG [0c89f901] [POST] [/api/v1/books] [127.0.0.1] org.hibernate.SQL - 
    select
        b1_0.book_id 
    from
        tbl_book b1_0 
    where
        b1_0.isbn is null 
    fetch
        first ? rows only
2026-04-29 12:07:51.335 [http-nio-8080-exec-3] DEBUG [0c89f901] [POST] [/api/v1/books] [127.0.0.1] org.hibernate.SQL - 
    insert 
    into
        tbl_book
        (author, available, isbn, publish_date, publisher, stock_quantity, title, book_id) 
    values
        (?, ?, ?, ?, ?, ?, ?, default)
2026-04-29 12:07:51.336 [http-nio-8080-exec-3] WARN  [0c89f901] [POST] [/api/v1/books] [127.0.0.1] o.h.e.jdbc.spi.SqlExceptionHelper - SQL Error: 23502, SQLState: 23502
2026-04-29 12:07:51.336 [http-nio-8080-exec-3] ERROR [0c89f901] [POST] [/api/v1/books] [127.0.0.1] o.h.e.jdbc.spi.SqlExceptionHelper - NULL not allowed for column "PUBLISH_DATE"; SQL statement:
insert into tbl_book (author,available,isbn,publish_date,publisher,stock_quantity,title,book_id) values (?,?,?,?,?,?,?,default) [23502-232]
2026-04-29 12:07:51.336 [http-nio-8080-exec-3] DEBUG [0c89f901] [POST] [/api/v1/books] [127.0.0.1] o.s.w.s.m.m.a.ExceptionHandlerExceptionResolver - Using @ExceptionHandler com.ohgiraffers.stability.section01.exception.handler.GlobalExceptionHandler#handleGenericException(Exception, HttpServletRequest)
2026-04-29 12:07:51.337 [http-nio-8080-exec-3] ERROR [0c89f901] [POST] [/api/v1/books] [127.0.0.1] c.o.s.s.e.h.GlobalExceptionHandler - [s1][GlobalExceptionHandler] 예상하지 못한 오류 발생
org.springframework.dao.DataIntegrityViolationException: could not execute statement [NULL not allowed for column "PUBLISH_DATE"; SQL statement:
insert into tbl_book (author,available,isbn,publish_date,publisher,stock_quantity,title,book_id) values (?,?,?,?,?,?,?,default) [23502-232]] [insert into tbl_book (author,available,isbn,publish_date,publisher,stock_quantity,title,book_id) values (?,?,?,?,?,?,?,default)]; SQL [insert into tbl_book (author,available,isbn,publish_date,publisher,stock_quantity,title,book_id) values (?,?,?,?,?,?,?,default)]; constraint [null]
	at org.springframework.orm.jpa.vendor.HibernateJpaDialect.convertHibernateAccessException(HibernateJpaDialect.java:294)
	at org.springframework.orm.jpa.vendor.HibernateJpaDialect.convertHibernateAccessException(HibernateJpaDialect.java:256)
	at org.springframework.orm.jpa.vendor.HibernateJpaDialect.translateExceptionIfPossible(HibernateJpaDialect.java:241)
	at org.springframework.orm.jpa.AbstractEntityManagerFactoryBean.translateExceptionIfPossible(AbstractEntityManagerFactoryBean.java:560)
	at org.springframework.dao.support.ChainedPersistenceExceptionTranslator.translateExceptionIfPossible(ChainedPersistenceExceptionTranslator.java:61)
	at org.springframework.dao.support.DataAccessUtils.translateIfNecessary(DataAccessUtils.java:343)
	at org.springframework.dao.support.PersistenceExceptionTranslationInterceptor.invoke(PersistenceExceptionTranslationInterceptor.java:160)
	at org.springframework.aop.framework.ReflectiveMethodInvocation.proceed(ReflectiveMethodInvocation.java:184)
	at org.springframework.data.jpa.repository.support.CrudMethodMetadataPostProcessor$CrudMethodMetadataPopulatingMethodInterceptor.invoke(CrudMethodMetadataPostProcessor.java:165)
	at org.springframework.aop.framework.ReflectiveMethodInvocation.proceed(ReflectiveMethodInvocation.java:184)
	at org.springframework.aop.framework.JdkDynamicAopProxy.invoke(JdkDynamicAopProxy.java:223)
	at jdk.proxy5/jdk.proxy5.$Proxy160.save(Unknown Source)
	at com.ohgiraffers.stability.section01.exception.service.BookService.registerBook(BookService.java:142)
	at java.base/jdk.internal.reflect.NativeMethodAccessorImpl.invoke0(Native Method)
	at java.base/jdk.internal.reflect.NativeMethodAccessorImpl.invoke(NativeMethodAccessorImpl.java:77)
	at java.base/jdk.internal.reflect.DelegatingMethodAccessorImpl.invoke(DelegatingMethodAccessorImpl.java:43)
	at java.base/java.lang.reflect.Method.invoke(Method.java:569)
	at org.springframework.aop.support.AopUtils.invokeJoinpointUsingReflection(AopUtils.java:360)
	at org.springframework.aop.framework.ReflectiveMethodInvocation.invokeJoinpoint(ReflectiveMethodInvocation.java:196)
	at org.springframework.aop.framework.ReflectiveMethodInvocation.proceed(ReflectiveMethodInvocation.java:163)
	at org.springframework.transaction.interceptor.TransactionAspectSupport.invokeWithinTransaction(TransactionAspectSupport.java:380)
	at org.springframework.transaction.interceptor.TransactionInterceptor.invoke(TransactionInterceptor.java:119)
	at org.springframework.aop.framework.ReflectiveMethodInvocation.proceed(ReflectiveMethodInvocation.java:184)
	at org.springframework.aop.framework.CglibAopProxy$DynamicAdvisedInterceptor.intercept(CglibAopProxy.java:728)
	at com.ohgiraffers.stability.section01.exception.service.BookService$$SpringCGLIB$$0.registerBook(<generated>)
	at com.ohgiraffers.stability.section01.exception.controller.BookController.registerBook(BookController.java:110)
	at java.base/jdk.internal.reflect.NativeMethodAccessorImpl.invoke0(Native Method)
	at java.base/jdk.internal.reflect.NativeMethodAccessorImpl.invoke(NativeMethodAccessorImpl.java:77)
	at java.base/jdk.internal.reflect.DelegatingMethodAccessorImpl.invoke(DelegatingMethodAccessorImpl.java:43)
	at java.base/java.lang.reflect.Method.invoke(Method.java:569)
	at org.springframework.web.method.support.InvocableHandlerMethod.doInvoke(InvocableHandlerMethod.java:258)
	at org.springframework.web.method.support.InvocableHandlerMethod.invokeForRequest(InvocableHandlerMethod.java:191)
	at org.springframework.web.servlet.mvc.method.annotation.ServletInvocableHandlerMethod.invokeAndHandle(ServletInvocableHandlerMethod.java:118)
	at org.springframework.web.servlet.mvc.method.annotation.RequestMappingHandlerAdapter.invokeHandlerMethod(RequestMappingHandlerAdapter.java:991)
	at org.springframework.web.servlet.mvc.method.annotation.RequestMappingHandlerAdapter.handleInternal(RequestMappingHandlerAdapter.java:896)
	at org.springframework.web.servlet.mvc.method.AbstractHandlerMethodAdapter.handle(AbstractHandlerMethodAdapter.java:87)
	at org.springframework.web.servlet.DispatcherServlet.doDispatch(DispatcherServlet.java:1089)
	at org.springframework.web.servlet.DispatcherServlet.doService(DispatcherServlet.java:979)
	at org.springframework.web.servlet.FrameworkServlet.processRequest(FrameworkServlet.java:1014)
	at org.springframework.web.servlet.FrameworkServlet.doPost(FrameworkServlet.java:914)
	at jakarta.servlet.http.HttpServlet.service(HttpServlet.java:590)
	at org.springframework.web.servlet.FrameworkServlet.service(FrameworkServlet.java:885)
	at jakarta.servlet.http.HttpServlet.service(HttpServlet.java:658)
	at org.apache.catalina.core.ApplicationFilterChain.internalDoFilter(ApplicationFilterChain.java:193)
	at org.apache.catalina.core.ApplicationFilterChain.doFilter(ApplicationFilterChain.java:138)
	at org.apache.tomcat.websocket.server.WsFilter.doFilter(WsFilter.java:51)
	at org.apache.catalina.core.ApplicationFilterChain.internalDoFilter(ApplicationFilterChain.java:162)
	at org.apache.catalina.core.ApplicationFilterChain.doFilter(ApplicationFilterChain.java:138)
	at com.ohgiraffers.stability.section02.logging.config.LoggingConfig$1.doFilterInternal(LoggingConfig.java:80)
	at org.springframework.web.filter.OncePerRequestFilter.doFilter(OncePerRequestFilter.java:116)
	at org.apache.catalina.core.ApplicationFilterChain.internalDoFilter(ApplicationFilterChain.java:162)
	at org.apache.catalina.core.ApplicationFilterChain.doFilter(ApplicationFilterChain.java:138)
	at org.springframework.web.filter.RequestContextFilter.doFilterInternal(RequestContextFilter.java:100)
	at org.springframework.web.filter.OncePerRequestFilter.doFilter(OncePerRequestFilter.java:116)
	at org.apache.catalina.core.ApplicationFilterChain.internalDoFilter(ApplicationFilterChain.java:162)
	at org.apache.catalina.core.ApplicationFilterChain.doFilter(ApplicationFilterChain.java:138)
	at org.springframework.web.filter.FormContentFilter.doFilterInternal(FormContentFilter.java:93)
	at org.springframework.web.filter.OncePerRequestFilter.doFilter(OncePerRequestFilter.java:116)
	at org.apache.catalina.core.ApplicationFilterChain.internalDoFilter(ApplicationFilterChain.java:162)
	at org.apache.catalina.core.ApplicationFilterChain.doFilter(ApplicationFilterChain.java:138)
	at org.springframework.web.filter.CharacterEncodingFilter.doFilterInternal(CharacterEncodingFilter.java:201)
	at org.springframework.web.filter.OncePerRequestFilter.doFilter(OncePerRequestFilter.java:116)
	at org.apache.catalina.core.ApplicationFilterChain.internalDoFilter(ApplicationFilterChain.java:162)
	at org.apache.catalina.core.ApplicationFilterChain.doFilter(ApplicationFilterChain.java:138)
	at org.apache.catalina.core.StandardWrapperValve.invoke(StandardWrapperValve.java:165)
	at org.apache.catalina.core.StandardContextValve.invoke(StandardContextValve.java:88)
	at org.apache.catalina.authenticator.AuthenticatorBase.invoke(AuthenticatorBase.java:482)
	at org.apache.catalina.core.StandardHostValve.invoke(StandardHostValve.java:113)
	at org.apache.catalina.valves.ErrorReportValve.invoke(ErrorReportValve.java:83)
	at org.apache.catalina.core.StandardEngineValve.invoke(StandardEngineValve.java:72)
	at org.apache.catalina.connector.CoyoteAdapter.service(CoyoteAdapter.java:342)
	at org.apache.coyote.http11.Http11Processor.service(Http11Processor.java:399)
	at org.apache.coyote.AbstractProcessorLight.process(AbstractProcessorLight.java:63)
	at org.apache.coyote.AbstractProtocol$ConnectionHandler.process(AbstractProtocol.java:903)
	at org.apache.tomcat.util.net.NioEndpoint$SocketProcessor.doRun(NioEndpoint.java:1774)
	at org.apache.tomcat.util.net.SocketProcessorBase.run(SocketProcessorBase.java:52)
	at org.apache.tomcat.util.threads.ThreadPoolExecutor.runWorker(ThreadPoolExecutor.java:973)
	at org.apache.tomcat.util.threads.ThreadPoolExecutor$Worker.run(ThreadPoolExecutor.java:491)
	at org.apache.tomcat.util.threads.TaskThread$WrappingRunnable.run(TaskThread.java:63)
	at java.base/java.lang.Thread.run(Thread.java:840)
Caused by: org.hibernate.exception.ConstraintViolationException: could not execute statement [NULL not allowed for column "PUBLISH_DATE"; SQL statement:
insert into tbl_book (author,available,isbn,publish_date,publisher,stock_quantity,title,book_id) values (?,?,?,?,?,?,?,default) [23502-232]] [insert into tbl_book (author,available,isbn,publish_date,publisher,stock_quantity,title,book_id) values (?,?,?,?,?,?,?,default)]
	at org.hibernate.exception.internal.SQLExceptionTypeDelegate.convert(SQLExceptionTypeDelegate.java:62)
	at org.hibernate.exception.internal.StandardSQLExceptionConverter.convert(StandardSQLExceptionConverter.java:58)
	at org.hibernate.engine.jdbc.spi.SqlExceptionHelper.convert(SqlExceptionHelper.java:108)
	at org.hibernate.engine.jdbc.internal.ResultSetReturnImpl.executeUpdate(ResultSetReturnImpl.java:197)
	at org.hibernate.id.insert.GetGeneratedKeysDelegate.performMutation(GetGeneratedKeysDelegate.java:116)
	at org.hibernate.engine.jdbc.mutation.internal.MutationExecutorSingleNonBatched.performNonBatchedOperations(MutationExecutorSingleNonBatched.java:47)
	at org.hibernate.engine.jdbc.mutation.internal.AbstractMutationExecutor.execute(AbstractMutationExecutor.java:55)
	at org.hibernate.persister.entity.mutation.InsertCoordinatorStandard.doStaticInserts(InsertCoordinatorStandard.java:194)
	at org.hibernate.persister.entity.mutation.InsertCoordinatorStandard.coordinateInsert(InsertCoordinatorStandard.java:132)
	at org.hibernate.persister.entity.mutation.InsertCoordinatorStandard.insert(InsertCoordinatorStandard.java:95)
	at org.hibernate.action.internal.EntityIdentityInsertAction.execute(EntityIdentityInsertAction.java:85)
	at org.hibernate.engine.spi.ActionQueue.execute(ActionQueue.java:682)
	at org.hibernate.engine.spi.ActionQueue.addResolvedEntityInsertAction(ActionQueue.java:293)
	at org.hibernate.engine.spi.ActionQueue.addInsertAction(ActionQueue.java:274)
	at org.hibernate.engine.spi.ActionQueue.addAction(ActionQueue.java:324)
	at org.hibernate.event.internal.AbstractSaveEventListener.addInsertAction(AbstractSaveEventListener.java:394)
	at org.hibernate.event.internal.AbstractSaveEventListener.performSaveOrReplicate(AbstractSaveEventListener.java:308)
	at org.hibernate.event.internal.AbstractSaveEventListener.performSave(AbstractSaveEventListener.java:224)
	at org.hibernate.event.internal.AbstractSaveEventListener.saveWithGeneratedId(AbstractSaveEventListener.java:136)
	at org.hibernate.event.internal.DefaultPersistEventListener.entityIsTransient(DefaultPersistEventListener.java:177)
	at org.hibernate.event.internal.DefaultPersistEventListener.persist(DefaultPersistEventListener.java:95)
	at org.hibernate.event.internal.DefaultPersistEventListener.onPersist(DefaultPersistEventListener.java:79)
	at org.hibernate.event.internal.DefaultPersistEventListener.onPersist(DefaultPersistEventListener.java:55)
	at org.hibernate.event.service.internal.EventListenerGroupImpl.fireEventOnEachListener(EventListenerGroupImpl.java:127)
	at org.hibernate.internal.SessionImpl.firePersist(SessionImpl.java:761)
	at org.hibernate.internal.SessionImpl.persist(SessionImpl.java:745)
	at java.base/jdk.internal.reflect.NativeMethodAccessorImpl.invoke0(Native Method)
	at java.base/jdk.internal.reflect.NativeMethodAccessorImpl.invoke(NativeMethodAccessorImpl.java:77)
	at java.base/jdk.internal.reflect.DelegatingMethodAccessorImpl.invoke(DelegatingMethodAccessorImpl.java:43)
	at java.base/java.lang.reflect.Method.invoke(Method.java:569)
	at org.springframework.orm.jpa.ExtendedEntityManagerCreator$ExtendedEntityManagerInvocationHandler.invoke(ExtendedEntityManagerCreator.java:364)
	at jdk.proxy5/jdk.proxy5.$Proxy158.persist(Unknown Source)
	at java.base/jdk.internal.reflect.NativeMethodAccessorImpl.invoke0(Native Method)
	at java.base/jdk.internal.reflect.NativeMethodAccessorImpl.invoke(NativeMethodAccessorImpl.java:77)
	at java.base/jdk.internal.reflect.DelegatingMethodAccessorImpl.invoke(DelegatingMethodAccessorImpl.java:43)
	at java.base/java.lang.reflect.Method.invoke(Method.java:569)
	at org.springframework.orm.jpa.SharedEntityManagerCreator$SharedEntityManagerInvocationHandler.invoke(SharedEntityManagerCreator.java:320)
	at jdk.proxy5/jdk.proxy5.$Proxy158.persist(Unknown Source)
	at org.springframework.data.jpa.repository.support.SimpleJpaRepository.save(SimpleJpaRepository.java:636)
	at jdk.internal.reflect.GeneratedMethodAccessor101.invoke(Unknown Source)
	at java.base/jdk.internal.reflect.DelegatingMethodAccessorImpl.invoke(DelegatingMethodAccessorImpl.java:43)
	at java.base/java.lang.reflect.Method.invoke(Method.java:569)
	at org.springframework.aop.support.AopUtils.invokeJoinpointUsingReflection(AopUtils.java:360)
	at org.springframework.data.repository.core.support.RepositoryMethodInvoker$RepositoryFragmentMethodInvoker.lambda$new$0(RepositoryMethodInvoker.java:277)
	at org.springframework.data.repository.core.support.RepositoryMethodInvoker.doInvoke(RepositoryMethodInvoker.java:170)
	at org.springframework.data.repository.core.support.RepositoryMethodInvoker.invoke(RepositoryMethodInvoker.java:158)
	at org.springframework.data.repository.core.support.RepositoryComposition$RepositoryFragments.invoke(RepositoryComposition.java:515)
	at org.springframework.data.repository.core.support.RepositoryComposition.invoke(RepositoryComposition.java:284)
	at org.springframework.data.repository.core.support.RepositoryFactorySupport$ImplementationMethodExecutionInterceptor.invoke(RepositoryFactorySupport.java:731)
	at org.springframework.aop.framework.ReflectiveMethodInvocation.proceed(ReflectiveMethodInvocation.java:184)
	at org.springframework.data.repository.core.support.QueryExecutorMethodInterceptor.doInvoke(QueryExecutorMethodInterceptor.java:174)
	at org.springframework.data.repository.core.support.QueryExecutorMethodInterceptor.invoke(QueryExecutorMethodInterceptor.java:149)
	at org.springframework.aop.framework.ReflectiveMethodInvocation.proceed(ReflectiveMethodInvocation.java:184)
	at org.springframework.data.projection.DefaultMethodInvokingMethodInterceptor.invoke(DefaultMethodInvokingMethodInterceptor.java:69)
	at org.springframework.aop.framework.ReflectiveMethodInvocation.proceed(ReflectiveMethodInvocation.java:184)
	at org.springframework.transaction.interceptor.TransactionAspectSupport.invokeWithinTransaction(TransactionAspectSupport.java:380)
	at org.springframework.transaction.interceptor.TransactionInterceptor.invoke(TransactionInterceptor.java:119)
	at org.springframework.aop.framework.ReflectiveMethodInvocation.proceed(ReflectiveMethodInvocation.java:184)
	at org.springframework.dao.support.PersistenceExceptionTranslationInterceptor.invoke(PersistenceExceptionTranslationInterceptor.java:138)
	... 73 common frames omitted
Caused by: org.h2.jdbc.JdbcSQLIntegrityConstraintViolationException: NULL not allowed for column "PUBLISH_DATE"; SQL statement:
insert into tbl_book (author,available,isbn,publish_date,publisher,stock_quantity,title,book_id) values (?,?,?,?,?,?,?,default) [23502-232]
	at org.h2.message.DbException.getJdbcSQLException(DbException.java:520)
	at org.h2.message.DbException.getJdbcSQLException(DbException.java:489)
	at org.h2.message.DbException.get(DbException.java:223)
	at org.h2.message.DbException.get(DbException.java:199)
	at org.h2.table.Column.validateConvertUpdateSequence(Column.java:402)
	at org.h2.table.Table.convertInsertRow(Table.java:963)
	at org.h2.command.dml.Insert.insertRows(Insert.java:167)
	at org.h2.command.dml.Insert.update(Insert.java:135)
	at org.h2.command.CommandContainer.executeUpdateWithGeneratedKeys(CommandContainer.java:212)
	at org.h2.command.CommandContainer.update(CommandContainer.java:133)
	at org.h2.command.Command.executeUpdate(Command.java:304)
	at org.h2.command.Command.executeUpdate(Command.java:248)
	at org.h2.jdbc.JdbcPreparedStatement.executeUpdateInternal(JdbcPreparedStatement.java:213)
	at org.h2.jdbc.JdbcPreparedStatement.executeUpdate(JdbcPreparedStatement.java:172)
	at com.zaxxer.hikari.pool.ProxyPreparedStatement.executeUpdate(ProxyPreparedStatement.java:61)
	at com.zaxxer.hikari.pool.HikariProxyPreparedStatement.executeUpdate(HikariProxyPreparedStatement.java)
	at org.hibernate.engine.jdbc.internal.ResultSetReturnImpl.executeUpdate(ResultSetReturnImpl.java:194)
	... 128 common frames omitted
2026-04-29 12:07:51.338 [http-nio-8080-exec-3] DEBUG [0c89f901] [POST] [/api/v1/books] [127.0.0.1] o.s.w.s.m.m.a.HttpEntityMethodProcessor - Using 'application/json', given [*/*] and supported [application/json, application/*+json]
2026-04-29 12:07:51.338 [http-nio-8080-exec-3] DEBUG [0c89f901] [POST] [/api/v1/books] [127.0.0.1] o.s.w.s.m.m.a.HttpEntityMethodProcessor - Writing [ErrorResponse{errorCode='INTERNAL_SERVER_ERROR', message='서버 내부 오류가 발생했습니다.', timestamp=2026-04-29T1 (truncated)...]
2026-04-29 12:07:51.339 [http-nio-8080-exec-3] WARN  [0c89f901] [POST] [/api/v1/books] [127.0.0.1] o.s.w.s.m.m.a.ExceptionHandlerExceptionResolver - Resolved [org.springframework.dao.DataIntegrityViolationException: could not execute statement [NULL not allowed for column "PUBLISH_DATE"; SQL statement:<EOL>insert into tbl_book (author,available,isbn,publish_date,publisher,stock_quantity,title,book_id) values (?,?,?,?,?,?,?,default) [23502-232]] [insert into tbl_book (author,available,isbn,publish_date,publisher,stock_quantity,title,book_id) values (?,?,?,?,?,?,?,default)]; SQL [insert into tbl_book (author,available,isbn,publish_date,publisher,stock_quantity,title,book_id) values (?,?,?,?,?,?,?,default)]; constraint [null]]
2026-04-29 12:07:51.339 [http-nio-8080-exec-3] DEBUG [0c89f901] [POST] [/api/v1/books] [127.0.0.1] o.s.web.servlet.DispatcherServlet - Completed 500 INTERNAL_SERVER_ERROR
2026-04-29 12:07:51.442 [http-nio-8080-exec-4] DEBUG [12aa9f9c] [DELETE] [/api/v1/books/2] [127.0.0.1] o.s.web.servlet.DispatcherServlet - DELETE "/api/v1/books/2", parameters={}
2026-04-29 12:07:51.443 [http-nio-8080-exec-4] DEBUG [12aa9f9c] [DELETE] [/api/v1/books/2] [127.0.0.1] o.s.w.s.m.m.a.RequestMappingHandlerMapping - Mapped to com.ohgiraffers.stability.section01.exception.controller.BookController#deleteBook(Long)
2026-04-29 12:07:51.443 [http-nio-8080-exec-4] INFO  [12aa9f9c] [DELETE] [/api/v1/books/2] [127.0.0.1] c.o.s.s.e.controller.BookController - [s1][BookController] 도서 삭제 요청 - ID: 2
2026-04-29 12:07:51.444 [http-nio-8080-exec-4] DEBUG [12aa9f9c] [DELETE] [/api/v1/books/2] [127.0.0.1] c.o.s.s.e.service.BookService - 도서 삭제 시작 - ID: 2
2026-04-29 12:07:51.444 [http-nio-8080-exec-4] DEBUG [12aa9f9c] [DELETE] [/api/v1/books/2] [127.0.0.1] org.hibernate.SQL - 
    select
        b1_0.book_id,
        b1_0.author,
        b1_0.available,
        b1_0.isbn,
        b1_0.publish_date,
        b1_0.publisher,
        b1_0.stock_quantity,
        b1_0.title 
    from
        tbl_book b1_0 
    where
        b1_0.book_id=?
2026-04-29 12:07:51.446 [http-nio-8080-exec-4] DEBUG [12aa9f9c] [DELETE] [/api/v1/books/2] [127.0.0.1] o.s.w.s.m.m.a.ExceptionHandlerExceptionResolver - Using @ExceptionHandler com.ohgiraffers.stability.section01.exception.handler.GlobalExceptionHandler#handleBookNotFoundException(BookNotFoundException, HttpServletRequest)
2026-04-29 12:07:51.446 [http-nio-8080-exec-4] WARN  [12aa9f9c] [DELETE] [/api/v1/books/2] [127.0.0.1] c.o.s.s.e.h.GlobalExceptionHandler - [s1][GlobalExceptionHandler] 도서 조회 실패: 해당 ID의 도서를 찾을 수 없습니다: 2
2026-04-29 12:07:51.446 [http-nio-8080-exec-4] DEBUG [12aa9f9c] [DELETE] [/api/v1/books/2] [127.0.0.1] o.s.w.s.m.m.a.HttpEntityMethodProcessor - Using 'application/json', given [*/*] and supported [application/json, application/*+json]
2026-04-29 12:07:51.447 [http-nio-8080-exec-4] DEBUG [12aa9f9c] [DELETE] [/api/v1/books/2] [127.0.0.1] o.s.w.s.m.m.a.HttpEntityMethodProcessor - Writing [ErrorResponse{errorCode='BOOK_NOT_FOUND_BY_ID', message='해당 ID의 도서를 찾을 수 없습니다: 2', timestamp=2026-04 (truncated)...]
2026-04-29 12:07:51.447 [http-nio-8080-exec-4] WARN  [12aa9f9c] [DELETE] [/api/v1/books/2] [127.0.0.1] o.s.w.s.m.m.a.ExceptionHandlerExceptionResolver - Resolved [com.ohgiraffers.stability.section01.exception.exception.BookNotFoundException: 해당 ID의 도서를 찾을 수 없습니다: 2]
2026-04-29 12:07:51.448 [http-nio-8080-exec-4] DEBUG [12aa9f9c] [DELETE] [/api/v1/books/2] [127.0.0.1] o.s.web.servlet.DispatcherServlet - Completed 404 NOT_FOUND
2026-04-29 12:07:51.536 [http-nio-8080-exec-5] DEBUG [5d5896aa] [GET] [/api/v1/books/2] [127.0.0.1] o.s.web.servlet.DispatcherServlet - GET "/api/v1/books/2", parameters={}
2026-04-29 12:07:51.536 [http-nio-8080-exec-5] DEBUG [5d5896aa] [GET] [/api/v1/books/2] [127.0.0.1] o.s.w.s.m.m.a.RequestMappingHandlerMapping - Mapped to com.ohgiraffers.stability.section01.exception.controller.BookController#getBookById(Long)
2026-04-29 12:07:51.536 [http-nio-8080-exec-5] INFO  [5d5896aa] [GET] [/api/v1/books/2] [127.0.0.1] c.o.s.s.e.controller.BookController - [s1][BookController] 도서 조회 요청 - ID: 2
2026-04-29 12:07:51.537 [http-nio-8080-exec-5] DEBUG [5d5896aa] [GET] [/api/v1/books/2] [127.0.0.1] c.o.s.s.e.service.BookService - 도서 조회 시작 - ID: 2
2026-04-29 12:07:51.537 [http-nio-8080-exec-5] DEBUG [5d5896aa] [GET] [/api/v1/books/2] [127.0.0.1] org.hibernate.SQL - 
    select
        b1_0.book_id,
        b1_0.author,
        b1_0.available,
        b1_0.isbn,
        b1_0.publish_date,
        b1_0.publisher,
        b1_0.stock_quantity,
        b1_0.title 
    from
        tbl_book b1_0 
    where
        b1_0.book_id=?
2026-04-29 12:07:51.538 [http-nio-8080-exec-5] ERROR [5d5896aa] [GET] [/api/v1/books/2] [127.0.0.1] c.o.s.s.e.service.BookService - 도서 조회 실패 - ID: 2: 해당 ID의 도서를 찾을 수 없습니다: 2
2026-04-29 12:07:51.538 [http-nio-8080-exec-5] DEBUG [5d5896aa] [GET] [/api/v1/books/2] [127.0.0.1] o.s.w.s.m.m.a.ExceptionHandlerExceptionResolver - Using @ExceptionHandler com.ohgiraffers.stability.section01.exception.handler.GlobalExceptionHandler#handleBookNotFoundException(BookNotFoundException, HttpServletRequest)
2026-04-29 12:07:51.538 [http-nio-8080-exec-5] WARN  [5d5896aa] [GET] [/api/v1/books/2] [127.0.0.1] c.o.s.s.e.h.GlobalExceptionHandler - [s1][GlobalExceptionHandler] 도서 조회 실패: 해당 ID의 도서를 찾을 수 없습니다: 2
2026-04-29 12:07:51.539 [http-nio-8080-exec-5] DEBUG [5d5896aa] [GET] [/api/v1/books/2] [127.0.0.1] o.s.w.s.m.m.a.HttpEntityMethodProcessor - Using 'application/json', given [*/*] and supported [application/json, application/*+json]
2026-04-29 12:07:51.539 [http-nio-8080-exec-5] DEBUG [5d5896aa] [GET] [/api/v1/books/2] [127.0.0.1] o.s.w.s.m.m.a.HttpEntityMethodProcessor - Writing [ErrorResponse{errorCode='BOOK_NOT_FOUND_BY_ID', message='해당 ID의 도서를 찾을 수 없습니다: 2', timestamp=2026-04 (truncated)...]
2026-04-29 12:07:51.540 [http-nio-8080-exec-5] WARN  [5d5896aa] [GET] [/api/v1/books/2] [127.0.0.1] o.s.w.s.m.m.a.ExceptionHandlerExceptionResolver - Resolved [com.ohgiraffers.stability.section01.exception.exception.BookNotFoundException: 해당 ID의 도서를 찾을 수 없습니다: 2]
2026-04-29 12:07:51.540 [http-nio-8080-exec-5] DEBUG [5d5896aa] [GET] [/api/v1/books/2] [127.0.0.1] o.s.web.servlet.DispatcherServlet - Completed 404 NOT_FOUND
2026-04-29 12:07:51.603 [http-nio-8080-exec-6] DEBUG [7b81e124] [GET] [/api/v1/books] [127.0.0.1] o.s.web.servlet.DispatcherServlet - GET "/api/v1/books", parameters={}
2026-04-29 12:07:51.603 [http-nio-8080-exec-6] DEBUG [7b81e124] [GET] [/api/v1/books] [127.0.0.1] o.s.w.s.m.m.a.RequestMappingHandlerMapping - Mapped to com.ohgiraffers.stability.section01.exception.controller.BookController#getAllBooks()
2026-04-29 12:07:51.603 [http-nio-8080-exec-6] INFO  [7b81e124] [GET] [/api/v1/books] [127.0.0.1] c.o.s.s.e.controller.BookController - [s1][BookController] 전체 도서 목록 조회 요청
2026-04-29 12:07:51.604 [http-nio-8080-exec-6] DEBUG [7b81e124] [GET] [/api/v1/books] [127.0.0.1] c.o.s.s.e.service.BookService - 전체 도서 목록 조회 시작
2026-04-29 12:07:51.605 [http-nio-8080-exec-6] DEBUG [7b81e124] [GET] [/api/v1/books] [127.0.0.1] org.hibernate.SQL - 
    select
        b1_0.book_id,
        b1_0.author,
        b1_0.available,
        b1_0.isbn,
        b1_0.publish_date,
        b1_0.publisher,
        b1_0.stock_quantity,
        b1_0.title 
    from
        tbl_book b1_0
2026-04-29 12:07:51.607 [http-nio-8080-exec-6] DEBUG [7b81e124] [GET] [/api/v1/books] [127.0.0.1] c.o.s.s.e.service.BookService - 전체 도서 목록 조회 완료 - 총 3권
2026-04-29 12:07:51.607 [http-nio-8080-exec-6] DEBUG [7b81e124] [GET] [/api/v1/books] [127.0.0.1] c.o.s.s.e.service.BookService - 전체 도서 목록 조회 종료
2026-04-29 12:07:51.608 [http-nio-8080-exec-6] INFO  [7b81e124] [GET] [/api/v1/books] [127.0.0.1] c.o.s.s.e.controller.BookController - [s1][BookController] 전체 도서 목록 조회 완료 - 총 3권
2026-04-29 12:07:51.608 [http-nio-8080-exec-6] DEBUG [7b81e124] [GET] [/api/v1/books] [127.0.0.1] o.s.w.s.m.m.a.HttpEntityMethodProcessor - Using 'application/json', given [*/*] and supported [application/json, application/*+json]
2026-04-29 12:07:51.609 [http-nio-8080-exec-6] DEBUG [7b81e124] [GET] [/api/v1/books] [127.0.0.1] o.s.w.s.m.m.a.HttpEntityMethodProcessor - Writing [[BookDTO{bookId=1, isbn='9788966262281', title='스프링 부트와 AWS로 혼자 구현하는 웹 서비스 (개정판)', author='이동욱', pub (truncated)...]
2026-04-29 12:07:51.609 [http-nio-8080-exec-6] DEBUG [7b81e124] [GET] [/api/v1/books] [127.0.0.1] o.s.web.servlet.DispatcherServlet - Completed 200 OK
2026-04-29 12:15:40.549 [File Watcher] INFO  [] [] [] [] o.s.b.d.a.LocalDevToolsAutoConfiguration$RestartingClassPathChangeChangedEventListener - Restarting due to 1 class path change (0 additions, 0 deletions, 1 modification)
2026-04-29 12:15:40.552 [Thread-7] INFO  [] [] [] [] o.s.b.w.e.tomcat.GracefulShutdown - Commencing graceful shutdown. Waiting for active requests to complete
2026-04-29 12:15:40.553 [tomcat-shutdown] INFO  [] [] [] [] o.a.coyote.http11.Http11NioProtocol - Pausing ProtocolHandler ["http-nio-8080"]
2026-04-29 12:15:40.984 [tomcat-shutdown] INFO  [] [] [] [] o.s.b.w.e.tomcat.GracefulShutdown - Graceful shutdown complete
2026-04-29 12:15:40.985 [Thread-7] INFO  [] [] [] [] o.a.coyote.http11.Http11NioProtocol - Stopping ProtocolHandler ["http-nio-8080"]
2026-04-29 12:15:40.990 [Thread-7] INFO  [] [] [] [] o.s.o.j.LocalContainerEntityManagerFactoryBean - Closing JPA EntityManagerFactory for persistence unit 'default'
2026-04-29 12:15:40.990 [Thread-7] DEBUG [] [] [] [] org.hibernate.SQL - 
    drop table if exists tbl_book cascade 
2026-04-29 12:15:40.992 [Thread-7] DEBUG [] [] [] [] org.hibernate.SQL - 
    drop table if exists tbl_loan cascade 
2026-04-29 12:15:40.993 [Thread-7] DEBUG [] [] [] [] org.hibernate.SQL - 
    drop table if exists tbl_member cascade 
2026-04-29 12:15:40.993 [Thread-7] DEBUG [] [] [] [] org.hibernate.SQL - 
    drop table if exists tbl_review cascade 
2026-04-29 12:15:40.995 [Thread-7] WARN  [] [] [] [] o.s.b.f.s.DisposableBeanAdapter - Invocation of destroy method failed on bean with name 'inMemoryDatabaseShutdownExecutor': org.h2.jdbc.JdbcSQLNonTransientConnectionException: Database is already closed (to disable automatic closing at VM shutdown, add ";DB_CLOSE_ON_EXIT=FALSE" to the db URL) [90121-232]
2026-04-29 12:15:40.995 [Thread-7] INFO  [] [] [] [] com.zaxxer.hikari.HikariDataSource - HikariPool-2 - Shutdown initiated...
2026-04-29 12:15:40.996 [Thread-7] INFO  [] [] [] [] com.zaxxer.hikari.HikariDataSource - HikariPool-2 - Shutdown completed.
2026-04-29 12:15:41.192 [restartedMain] INFO  [] [] [] [] c.o.s.Chap01SpringStabilityApplication - Starting Chap01SpringStabilityApplication using Java 17.0.18 with PID 25076 (C:\Lecture\10_Logging-Monitoring\module01-spring-stability\build\classes\java\main started by user in C:\Lecture\10_Logging-Monitoring\module01-spring-stability)
2026-04-29 12:15:41.192 [restartedMain] DEBUG [] [] [] [] c.o.s.Chap01SpringStabilityApplication - Running with Spring Boot v3.4.13, Spring v6.2.15
2026-04-29 12:15:41.192 [restartedMain] INFO  [] [] [] [] c.o.s.Chap01SpringStabilityApplication - The following 1 profile is active: "dev"
2026-04-29 12:15:41.580 [restartedMain] INFO  [] [] [] [] o.s.d.r.c.RepositoryConfigurationDelegate - Bootstrapping Spring Data JPA repositories in DEFAULT mode.
2026-04-29 12:15:41.628 [restartedMain] INFO  [] [] [] [] o.s.d.r.c.RepositoryConfigurationDelegate - Finished Spring Data repository scanning in 46 ms. Found 4 JPA repository interfaces.
2026-04-29 12:15:41.957 [restartedMain] INFO  [] [] [] [] o.s.b.w.e.tomcat.TomcatWebServer - Tomcat initialized with port 8080 (http)
2026-04-29 12:15:41.959 [restartedMain] INFO  [] [] [] [] o.a.coyote.http11.Http11NioProtocol - Initializing ProtocolHandler ["http-nio-8080"]
2026-04-29 12:15:41.959 [restartedMain] INFO  [] [] [] [] o.a.catalina.core.StandardService - Starting service [Tomcat]
2026-04-29 12:15:41.960 [restartedMain] INFO  [] [] [] [] o.a.catalina.core.StandardEngine - Starting Servlet engine: [Apache Tomcat/10.1.50]
2026-04-29 12:15:42.003 [restartedMain] INFO  [] [] [] [] o.a.c.c.C.[Tomcat].[localhost].[/] - Initializing Spring embedded WebApplicationContext
2026-04-29 12:15:42.003 [restartedMain] INFO  [] [] [] [] o.s.b.w.s.c.ServletWebServerApplicationContext - Root WebApplicationContext: initialization completed in 807 ms
2026-04-29 12:15:42.042 [restartedMain] DEBUG [] [] [] [] c.o.s.s.l.config.LoggingConfig$1 - Filter 'mdcLoggingFilter' configured for use
2026-04-29 12:15:42.165 [restartedMain] INFO  [] [] [] [] o.h.jpa.internal.util.LogHelper - HHH000204: Processing PersistenceUnitInfo [name: default]
2026-04-29 12:15:42.172 [restartedMain] INFO  [] [] [] [] o.h.c.i.RegionFactoryInitiator - HHH000026: Second-level cache disabled
2026-04-29 12:15:42.198 [restartedMain] INFO  [] [] [] [] o.s.o.j.p.SpringPersistenceUnitInfo - No LoadTimeWeaver setup: ignoring JPA class transformer
2026-04-29 12:15:42.201 [restartedMain] INFO  [] [] [] [] com.zaxxer.hikari.HikariDataSource - HikariPool-3 - Starting...
2026-04-29 12:15:42.205 [restartedMain] INFO  [] [] [] [] com.zaxxer.hikari.pool.HikariPool - HikariPool-3 - Added connection conn31: url=jdbc:h2:mem:library user=OHGIRAFFERS
2026-04-29 12:15:42.213 [restartedMain] INFO  [] [] [] [] com.zaxxer.hikari.HikariDataSource - HikariPool-3 - Start completed.
2026-04-29 12:15:42.214 [restartedMain] INFO  [] [] [] [] o.hibernate.orm.connections.pooling - HHH10001005: Database info:
	Database JDBC URL [Connecting through datasource 'HikariDataSource (HikariPool-3)']
	Database driver: undefined/unknown
	Database version: 2.3.232
	Autocommit mode: undefined/unknown
	Isolation level: undefined/unknown
	Minimum pool size: undefined/unknown
	Maximum pool size: undefined/unknown
2026-04-29 12:15:42.444 [restartedMain] INFO  [] [] [] [] o.h.e.t.j.p.i.JtaPlatformInitiator - HHH000489: No JTA platform available (set 'hibernate.transaction.jta.platform' to enable JTA platform integration)
2026-04-29 12:15:42.446 [restartedMain] DEBUG [] [] [] [] org.hibernate.SQL - 
    drop table if exists tbl_book cascade 
2026-04-29 12:15:42.446 [restartedMain] DEBUG [] [] [] [] org.hibernate.SQL - 
    drop table if exists tbl_loan cascade 
2026-04-29 12:15:42.447 [restartedMain] DEBUG [] [] [] [] org.hibernate.SQL - 
    drop table if exists tbl_member cascade 
2026-04-29 12:15:42.447 [restartedMain] DEBUG [] [] [] [] org.hibernate.SQL - 
    drop table if exists tbl_review cascade 
2026-04-29 12:15:42.448 [restartedMain] DEBUG [] [] [] [] org.hibernate.SQL - 
    create table tbl_book (
        available boolean not null,
        publish_date date not null,
        stock_quantity integer not null,
        book_id bigint generated by default as identity,
        isbn varchar(13) not null unique,
        author varchar(100) not null,
        publisher varchar(100) not null,
        title varchar(200) not null,
        primary key (book_id)
    )
2026-04-29 12:15:42.451 [restartedMain] DEBUG [] [] [] [] org.hibernate.SQL - 
    create table tbl_loan (
        fine_amount integer,
        overdue_days integer,
        book_id bigint not null,
        due_date timestamp(6) not null,
        loan_date timestamp(6) not null,
        loan_id bigint generated by default as identity,
        member_id bigint not null,
        return_date timestamp(6),
        status enum ('ACTIVE','OVERDUE','RETURNED') not null,
        primary key (loan_id)
    )
2026-04-29 12:15:42.453 [restartedMain] DEBUG [] [] [] [] org.hibernate.SQL - 
    create table tbl_member (
        active boolean not null,
        join_date timestamp(6) not null,
        member_id bigint generated by default as identity,
        phone varchar(20),
        member_name varchar(50) not null,
        email varchar(100) not null unique,
        primary key (member_id)
    )
2026-04-29 12:15:42.456 [restartedMain] DEBUG [] [] [] [] org.hibernate.SQL - 
    create table tbl_review (
        helpful_count integer not null check (helpful_count>=0),
        rating float(53) not null,
        verified_purchase boolean not null,
        book_id bigint not null,
        created_at timestamp(6) not null,
        member_id bigint not null,
        review_id bigint generated by default as identity,
        updated_at timestamp(6),
        title varchar(100) not null,
        content varchar(2000) not null,
        status enum ('ACTIVE','DELETED','HIDDEN') not null,
        primary key (review_id),
        unique (member_id, book_id)
    )
2026-04-29 12:15:42.458 [restartedMain] DEBUG [] [] [] [] org.hibernate.SQL - 
    alter table if exists tbl_loan 
       add constraint FK963g40utp85k5mww691e4ma6g 
       foreign key (book_id) 
       references tbl_book
2026-04-29 12:15:42.460 [restartedMain] DEBUG [] [] [] [] org.hibernate.SQL - 
    alter table if exists tbl_loan 
       add constraint FKqtnm703pqo6mnin10corsjsc 
       foreign key (member_id) 
       references tbl_member
2026-04-29 12:15:42.462 [restartedMain] DEBUG [] [] [] [] org.hibernate.SQL - 
    alter table if exists tbl_review 
       add constraint FK6ykodvsh8wis5tfouaxwi9qbc 
       foreign key (book_id) 
       references tbl_book
2026-04-29 12:15:42.464 [restartedMain] DEBUG [] [] [] [] org.hibernate.SQL - 
    alter table if exists tbl_review 
       add constraint FKcgs2lvcrlf9x3jtif9sskpx0 
       foreign key (member_id) 
       references tbl_member
2026-04-29 12:15:42.467 [restartedMain] INFO  [] [] [] [] o.s.o.j.LocalContainerEntityManagerFactoryBean - Initialized JPA EntityManagerFactory for persistence unit 'default'
2026-04-29 12:15:42.982 [restartedMain] WARN  [] [] [] [] o.s.b.a.o.j.JpaBaseConfiguration$JpaWebConfiguration - spring.jpa.open-in-view is enabled by default. Therefore, database queries may be performed during view rendering. Explicitly configure spring.jpa.open-in-view to disable this warning
2026-04-29 12:15:43.092 [restartedMain] DEBUG [] [] [] [] o.s.w.s.m.m.a.RequestMappingHandlerMapping - 29 mappings in 'requestMappingHandlerMapping'
2026-04-29 12:15:43.262 [restartedMain] DEBUG [] [] [] [] o.s.w.s.h.SimpleUrlHandlerMapping - Patterns [/webjars/**, /**] in 'resourceHandlerMapping'
2026-04-29 12:15:43.297 [restartedMain] DEBUG [] [] [] [] o.s.w.s.m.m.a.RequestMappingHandlerAdapter - ControllerAdvice beans: 0 @ModelAttribute, 0 @InitBinder, 1 RequestBodyAdvice, 1 ResponseBodyAdvice
2026-04-29 12:15:43.322 [restartedMain] DEBUG [] [] [] [] o.s.w.s.m.m.a.ExceptionHandlerExceptionResolver - ControllerAdvice beans: 2 @ExceptionHandler, 1 ResponseBodyAdvice
2026-04-29 12:15:43.397 [restartedMain] INFO  [] [] [] [] o.s.b.a.h.H2ConsoleAutoConfiguration - H2 console available at '/h2-console'. Database available at 'jdbc:h2:mem:library'
2026-04-29 12:15:43.531 [restartedMain] INFO  [] [] [] [] o.s.b.d.a.OptionalLiveReloadServer - LiveReload server is running on port 35729
2026-04-29 12:15:43.546 [restartedMain] INFO  [] [] [] [] o.a.coyote.http11.Http11NioProtocol - Starting ProtocolHandler ["http-nio-8080"]
2026-04-29 12:15:43.552 [restartedMain] INFO  [] [] [] [] o.s.b.w.e.tomcat.TomcatWebServer - Tomcat started on port 8080 (http) with context path '/'
2026-04-29 12:15:43.558 [restartedMain] INFO  [] [] [] [] c.o.s.Chap01SpringStabilityApplication - Started Chap01SpringStabilityApplication in 2.465 seconds (process running for 4308.477)
2026-04-29 12:15:43.560 [restartedMain] INFO  [] [] [] [] o.s.b.d.a.ConditionEvaluationDeltaLoggingListener - Condition evaluation unchanged
2026-04-29 12:16:32.847 [http-nio-8080-exec-1] INFO  [] [] [] [] o.a.c.c.C.[Tomcat].[localhost].[/] - Initializing Spring DispatcherServlet 'dispatcherServlet'
2026-04-29 12:16:32.847 [http-nio-8080-exec-1] INFO  [] [] [] [] o.s.web.servlet.DispatcherServlet - Initializing Servlet 'dispatcherServlet'
2026-04-29 12:16:32.847 [http-nio-8080-exec-1] DEBUG [] [] [] [] o.s.web.servlet.DispatcherServlet - Detected StandardServletMultipartResolver
2026-04-29 12:16:32.847 [http-nio-8080-exec-1] DEBUG [] [] [] [] o.s.web.servlet.DispatcherServlet - Detected AcceptHeaderLocaleResolver
2026-04-29 12:16:32.847 [http-nio-8080-exec-1] DEBUG [] [] [] [] o.s.web.servlet.DispatcherServlet - Detected FixedThemeResolver
2026-04-29 12:16:32.849 [http-nio-8080-exec-1] DEBUG [] [] [] [] o.s.web.servlet.DispatcherServlet - Detected org.springframework.web.servlet.view.DefaultRequestToViewNameTranslator@57d46329
2026-04-29 12:16:32.849 [http-nio-8080-exec-1] DEBUG [] [] [] [] o.s.web.servlet.DispatcherServlet - Detected org.springframework.web.servlet.support.SessionFlashMapManager@74f0cece
2026-04-29 12:16:32.849 [http-nio-8080-exec-1] DEBUG [] [] [] [] o.s.web.servlet.DispatcherServlet - enableLoggingRequestDetails='false': request parameters and headers will be masked to prevent unsafe logging of potentially sensitive data
2026-04-29 12:16:32.849 [http-nio-8080-exec-1] INFO  [] [] [] [] o.s.web.servlet.DispatcherServlet - Completed initialization in 2 ms
2026-04-29 12:16:32.850 [http-nio-8080-exec-1] DEBUG [591fece9] [GET] [/api/v1/loans/status] [10.200.14.186] o.s.web.servlet.DispatcherServlet - GET "/api/v1/loans/status", parameters={}
2026-04-29 12:16:32.850 [http-nio-8080-exec-1] DEBUG [591fece9] [GET] [/api/v1/loans/status] [10.200.14.186] o.s.w.s.m.m.a.RequestMappingHandlerMapping - Mapped to com.ohgiraffers.stability.section02.logging.controller.LoanController#getSystemStatus()
2026-04-29 12:16:32.855 [http-nio-8080-exec-1] INFO  [591fece9] [GET] [/api/v1/loans/status] [10.200.14.186] c.o.s.s.l.controller.LoanController - [s2][LoanController] 대출 시스템 상태 확인 요청
2026-04-29 12:16:32.855 [http-nio-8080-exec-1] INFO  [591fece9] [GET] [/api/v1/loans/status] [10.200.14.186] c.o.s.s.l.controller.LoanController - [s2][LoanController] 대출 시스템 상태 확인 완료 - 상태: HEALTHY
2026-04-29 12:16:32.859 [http-nio-8080-exec-1] DEBUG [591fece9] [GET] [/api/v1/loans/status] [10.200.14.186] o.s.w.s.m.m.a.HttpEntityMethodProcessor - Using 'application/json', given [application/json] and supported [application/json, application/*+json]
2026-04-29 12:16:32.859 [http-nio-8080-exec-1] DEBUG [591fece9] [GET] [/api/v1/loans/status] [10.200.14.186] o.s.w.s.m.m.a.HttpEntityMethodProcessor - Writing [{status=HEALTHY, message=대출 시스템이 정상적으로 동작 중입니다., timestamp=2026-04-29T12:16:32.855427900}]
2026-04-29 12:16:32.860 [http-nio-8080-exec-1] DEBUG [591fece9] [GET] [/api/v1/loans/status] [10.200.14.186] o.s.web.servlet.DispatcherServlet - Completed 200 OK
2026-04-29 12:20:35.183 [http-nio-8080-exec-3] DEBUG [f5a37247] [GET] [/api/v1/loans/status] [10.200.14.186] o.s.web.servlet.DispatcherServlet - GET "/api/v1/loans/status", parameters={}
2026-04-29 12:20:35.184 [http-nio-8080-exec-3] DEBUG [f5a37247] [GET] [/api/v1/loans/status] [10.200.14.186] o.s.w.s.m.m.a.RequestMappingHandlerMapping - Mapped to com.ohgiraffers.stability.section02.logging.controller.LoanController#getSystemStatus()
2026-04-29 12:20:35.185 [http-nio-8080-exec-3] INFO  [f5a37247] [GET] [/api/v1/loans/status] [10.200.14.186] c.o.s.s.l.controller.LoanController - [s2][LoanController] 대출 시스템 상태 확인 요청
2026-04-29 12:20:35.185 [http-nio-8080-exec-3] INFO  [f5a37247] [GET] [/api/v1/loans/status] [10.200.14.186] c.o.s.s.l.controller.LoanController - [s2][LoanController] 대출 시스템 상태 확인 완료 - 상태: HEALTHY
2026-04-29 12:20:35.187 [http-nio-8080-exec-3] DEBUG [f5a37247] [GET] [/api/v1/loans/status] [10.200.14.186] o.s.w.s.m.m.a.HttpEntityMethodProcessor - Using 'application/json', given [application/json] and supported [application/json, application/*+json]
2026-04-29 12:20:35.187 [http-nio-8080-exec-3] DEBUG [f5a37247] [GET] [/api/v1/loans/status] [10.200.14.186] o.s.w.s.m.m.a.HttpEntityMethodProcessor - Writing [{status=HEALTHY, message=대출 시스템이 정상적으로 동작 중입니다., timestamp=2026-04-29T12:20:35.185772100}]
2026-04-29 12:20:35.188 [http-nio-8080-exec-3] DEBUG [f5a37247] [GET] [/api/v1/loans/status] [10.200.14.186] o.s.web.servlet.DispatcherServlet - Completed 200 OK
2026-04-29 12:20:35.287 [http-nio-8080-exec-4] DEBUG [c4821778] [POST] [/api/v1/books] [127.0.0.1] o.s.web.servlet.DispatcherServlet - POST "/api/v1/books", parameters={}
2026-04-29 12:20:35.287 [http-nio-8080-exec-4] DEBUG [c4821778] [POST] [/api/v1/books] [127.0.0.1] o.s.w.s.m.m.a.RequestMappingHandlerMapping - Mapped to com.ohgiraffers.stability.section01.exception.controller.BookController#registerBook(BookDTO)
2026-04-29 12:20:35.298 [http-nio-8080-exec-4] DEBUG [c4821778] [POST] [/api/v1/books] [127.0.0.1] o.s.w.s.m.m.a.RequestResponseBodyMethodProcessor - Read "application/json;charset=UTF-8" to [BookDTO{bookId=null, isbn='9781234567890', title='Spring Boot 완벽 가이드', author='김개발', publisher='테크출판 (truncated)...]
2026-04-29 12:20:35.298 [http-nio-8080-exec-4] INFO  [c4821778] [POST] [/api/v1/books] [127.0.0.1] c.o.s.s.e.controller.BookController - [s1][BookController] 도서 등록 요청 - ISBN: 9781234567890, 제목: Spring Boot 완벽 가이드
2026-04-29 12:20:35.300 [http-nio-8080-exec-4] DEBUG [c4821778] [POST] [/api/v1/books] [127.0.0.1] c.o.s.s.e.service.BookService - 도서 등록 시작 - ISBN: 9781234567890, 제목: Spring Boot 완벽 가이드
2026-04-29 12:20:35.302 [http-nio-8080-exec-4] DEBUG [c4821778] [POST] [/api/v1/books] [127.0.0.1] org.hibernate.SQL - 
    select
        b1_0.book_id 
    from
        tbl_book b1_0 
    where
        b1_0.isbn=? 
    fetch
        first ? rows only
2026-04-29 12:20:35.305 [http-nio-8080-exec-4] DEBUG [c4821778] [POST] [/api/v1/books] [127.0.0.1] org.hibernate.SQL - 
    insert 
    into
        tbl_book
        (author, available, isbn, publish_date, publisher, stock_quantity, title, book_id) 
    values
        (?, ?, ?, ?, ?, ?, ?, default)
2026-04-29 12:20:35.307 [http-nio-8080-exec-4] INFO  [c4821778] [POST] [/api/v1/books] [127.0.0.1] c.o.s.s.e.service.BookService - [s1][BookService] 도서 등록 완료 - ID: 1, 제목: Spring Boot 완벽 가이드
2026-04-29 12:20:35.307 [http-nio-8080-exec-4] INFO  [c4821778] [POST] [/api/v1/books] [127.0.0.1] c.o.s.s.e.controller.BookController - [s1][BookController] 도서 등록 완료 - ID: 1, 제목: Spring Boot 완벽 가이드
2026-04-29 12:20:35.310 [http-nio-8080-exec-4] DEBUG [c4821778] [POST] [/api/v1/books] [127.0.0.1] o.s.w.s.m.m.a.HttpEntityMethodProcessor - Using 'application/json', given [*/*] and supported [application/json, application/*+json]
2026-04-29 12:20:35.311 [http-nio-8080-exec-4] DEBUG [c4821778] [POST] [/api/v1/books] [127.0.0.1] o.s.w.s.m.m.a.HttpEntityMethodProcessor - Writing [BookDTO{bookId=1, isbn='9781234567890', title='Spring Boot 완벽 가이드', author='김개발', publisher='테크출판사', (truncated)...]
2026-04-29 12:20:35.311 [http-nio-8080-exec-4] DEBUG [c4821778] [POST] [/api/v1/books] [127.0.0.1] o.s.web.servlet.DispatcherServlet - Completed 201 CREATED
2026-04-29 12:20:35.382 [http-nio-8080-exec-5] DEBUG [79034007] [POST] [/api/v1/books] [127.0.0.1] o.s.web.servlet.DispatcherServlet - POST "/api/v1/books", parameters={}
2026-04-29 12:20:35.382 [http-nio-8080-exec-5] DEBUG [79034007] [POST] [/api/v1/books] [127.0.0.1] o.s.w.s.m.m.a.RequestMappingHandlerMapping - Mapped to com.ohgiraffers.stability.section01.exception.controller.BookController#registerBook(BookDTO)
2026-04-29 12:20:35.383 [http-nio-8080-exec-5] DEBUG [79034007] [POST] [/api/v1/books] [127.0.0.1] o.s.w.s.m.m.a.RequestResponseBodyMethodProcessor - Read "application/json;charset=UTF-8" to [BookDTO{bookId=null, isbn='9780987654321', title='Java 프로그래밍 입문', author='박자바', publisher='코딩출판사', p (truncated)...]
2026-04-29 12:20:35.383 [http-nio-8080-exec-5] INFO  [79034007] [POST] [/api/v1/books] [127.0.0.1] c.o.s.s.e.controller.BookController - [s1][BookController] 도서 등록 요청 - ISBN: 9780987654321, 제목: Java 프로그래밍 입문
2026-04-29 12:20:35.383 [http-nio-8080-exec-5] DEBUG [79034007] [POST] [/api/v1/books] [127.0.0.1] c.o.s.s.e.service.BookService - 도서 등록 시작 - ISBN: 9780987654321, 제목: Java 프로그래밍 입문
2026-04-29 12:20:35.385 [http-nio-8080-exec-5] DEBUG [79034007] [POST] [/api/v1/books] [127.0.0.1] org.hibernate.SQL - 
    select
        b1_0.book_id 
    from
        tbl_book b1_0 
    where
        b1_0.isbn=? 
    fetch
        first ? rows only
2026-04-29 12:20:35.386 [http-nio-8080-exec-5] DEBUG [79034007] [POST] [/api/v1/books] [127.0.0.1] org.hibernate.SQL - 
    insert 
    into
        tbl_book
        (author, available, isbn, publish_date, publisher, stock_quantity, title, book_id) 
    values
        (?, ?, ?, ?, ?, ?, ?, default)
2026-04-29 12:20:35.387 [http-nio-8080-exec-5] INFO  [79034007] [POST] [/api/v1/books] [127.0.0.1] c.o.s.s.e.service.BookService - [s1][BookService] 도서 등록 완료 - ID: 2, 제목: Java 프로그래밍 입문
2026-04-29 12:20:35.387 [http-nio-8080-exec-5] INFO  [79034007] [POST] [/api/v1/books] [127.0.0.1] c.o.s.s.e.controller.BookController - [s1][BookController] 도서 등록 완료 - ID: 2, 제목: Java 프로그래밍 입문
2026-04-29 12:20:35.388 [http-nio-8080-exec-5] DEBUG [79034007] [POST] [/api/v1/books] [127.0.0.1] o.s.w.s.m.m.a.HttpEntityMethodProcessor - Using 'application/json', given [*/*] and supported [application/json, application/*+json]
2026-04-29 12:20:35.388 [http-nio-8080-exec-5] DEBUG [79034007] [POST] [/api/v1/books] [127.0.0.1] o.s.w.s.m.m.a.HttpEntityMethodProcessor - Writing [BookDTO{bookId=2, isbn='9780987654321', title='Java 프로그래밍 입문', author='박자바', publisher='코딩출판사', publ (truncated)...]
2026-04-29 12:20:35.388 [http-nio-8080-exec-5] DEBUG [79034007] [POST] [/api/v1/books] [127.0.0.1] o.s.web.servlet.DispatcherServlet - Completed 201 CREATED
2026-04-29 12:20:35.453 [http-nio-8080-exec-6] DEBUG [23fc1534] [POST] [/api/v1/books] [127.0.0.1] o.s.web.servlet.DispatcherServlet - POST "/api/v1/books", parameters={}
2026-04-29 12:20:35.454 [http-nio-8080-exec-6] DEBUG [23fc1534] [POST] [/api/v1/books] [127.0.0.1] o.s.w.s.m.m.a.RequestMappingHandlerMapping - Mapped to com.ohgiraffers.stability.section01.exception.controller.BookController#registerBook(BookDTO)
2026-04-29 12:20:35.455 [http-nio-8080-exec-6] DEBUG [23fc1534] [POST] [/api/v1/books] [127.0.0.1] o.s.w.s.m.m.a.RequestResponseBodyMethodProcessor - Read "application/json;charset=UTF-8" to [BookDTO{bookId=null, isbn='9788966262281', title='Clean Code', author='로버트 마틴', publisher='인사이트', pu (truncated)...]
2026-04-29 12:20:35.455 [http-nio-8080-exec-6] INFO  [23fc1534] [POST] [/api/v1/books] [127.0.0.1] c.o.s.s.e.controller.BookController - [s1][BookController] 도서 등록 요청 - ISBN: 9788966262281, 제목: Clean Code
2026-04-29 12:20:35.456 [http-nio-8080-exec-6] DEBUG [23fc1534] [POST] [/api/v1/books] [127.0.0.1] c.o.s.s.e.service.BookService - 도서 등록 시작 - ISBN: 9788966262281, 제목: Clean Code
2026-04-29 12:20:35.458 [http-nio-8080-exec-6] DEBUG [23fc1534] [POST] [/api/v1/books] [127.0.0.1] org.hibernate.SQL - 
    select
        b1_0.book_id 
    from
        tbl_book b1_0 
    where
        b1_0.isbn=? 
    fetch
        first ? rows only
2026-04-29 12:20:35.460 [http-nio-8080-exec-6] DEBUG [23fc1534] [POST] [/api/v1/books] [127.0.0.1] org.hibernate.SQL - 
    insert 
    into
        tbl_book
        (author, available, isbn, publish_date, publisher, stock_quantity, title, book_id) 
    values
        (?, ?, ?, ?, ?, ?, ?, default)
2026-04-29 12:20:35.461 [http-nio-8080-exec-6] INFO  [23fc1534] [POST] [/api/v1/books] [127.0.0.1] c.o.s.s.e.service.BookService - [s1][BookService] 도서 등록 완료 - ID: 3, 제목: Clean Code
2026-04-29 12:20:35.462 [http-nio-8080-exec-6] INFO  [23fc1534] [POST] [/api/v1/books] [127.0.0.1] c.o.s.s.e.controller.BookController - [s1][BookController] 도서 등록 완료 - ID: 3, 제목: Clean Code
2026-04-29 12:20:35.463 [http-nio-8080-exec-6] DEBUG [23fc1534] [POST] [/api/v1/books] [127.0.0.1] o.s.w.s.m.m.a.HttpEntityMethodProcessor - Using 'application/json', given [*/*] and supported [application/json, application/*+json]
2026-04-29 12:20:35.463 [http-nio-8080-exec-6] DEBUG [23fc1534] [POST] [/api/v1/books] [127.0.0.1] o.s.w.s.m.m.a.HttpEntityMethodProcessor - Writing [BookDTO{bookId=3, isbn='9788966262281', title='Clean Code', author='로버트 마틴', publisher='인사이트', publi (truncated)...]
2026-04-29 12:20:35.464 [http-nio-8080-exec-6] DEBUG [23fc1534] [POST] [/api/v1/books] [127.0.0.1] o.s.web.servlet.DispatcherServlet - Completed 201 CREATED
2026-04-29 12:20:35.565 [http-nio-8080-exec-7] DEBUG [98932662] [GET] [/api/v1/books] [127.0.0.1] o.s.web.servlet.DispatcherServlet - GET "/api/v1/books", parameters={}
2026-04-29 12:20:35.565 [http-nio-8080-exec-7] DEBUG [98932662] [GET] [/api/v1/books] [127.0.0.1] o.s.w.s.m.m.a.RequestMappingHandlerMapping - Mapped to com.ohgiraffers.stability.section01.exception.controller.BookController#getAllBooks()
2026-04-29 12:20:35.565 [http-nio-8080-exec-7] INFO  [98932662] [GET] [/api/v1/books] [127.0.0.1] c.o.s.s.e.controller.BookController - [s1][BookController] 전체 도서 목록 조회 요청
2026-04-29 12:20:35.566 [http-nio-8080-exec-7] DEBUG [98932662] [GET] [/api/v1/books] [127.0.0.1] c.o.s.s.e.service.BookService - 전체 도서 목록 조회 시작
2026-04-29 12:20:35.568 [http-nio-8080-exec-7] DEBUG [98932662] [GET] [/api/v1/books] [127.0.0.1] org.hibernate.SQL - 
    select
        b1_0.book_id,
        b1_0.author,
        b1_0.available,
        b1_0.isbn,
        b1_0.publish_date,
        b1_0.publisher,
        b1_0.stock_quantity,
        b1_0.title 
    from
        tbl_book b1_0
2026-04-29 12:20:35.571 [http-nio-8080-exec-7] DEBUG [98932662] [GET] [/api/v1/books] [127.0.0.1] c.o.s.s.e.service.BookService - 전체 도서 목록 조회 완료 - 총 3권
2026-04-29 12:20:35.572 [http-nio-8080-exec-7] DEBUG [98932662] [GET] [/api/v1/books] [127.0.0.1] c.o.s.s.e.service.BookService - 전체 도서 목록 조회 종료
2026-04-29 12:20:35.573 [http-nio-8080-exec-7] INFO  [98932662] [GET] [/api/v1/books] [127.0.0.1] c.o.s.s.e.controller.BookController - [s1][BookController] 전체 도서 목록 조회 완료 - 총 3권
2026-04-29 12:20:35.574 [http-nio-8080-exec-7] DEBUG [98932662] [GET] [/api/v1/books] [127.0.0.1] o.s.w.s.m.m.a.HttpEntityMethodProcessor - Using 'application/json', given [application/json] and supported [application/json, application/*+json]
2026-04-29 12:20:35.574 [http-nio-8080-exec-7] DEBUG [98932662] [GET] [/api/v1/books] [127.0.0.1] o.s.w.s.m.m.a.HttpEntityMethodProcessor - Writing [[BookDTO{bookId=1, isbn='9781234567890', title='Spring Boot 완벽 가이드', author='김개발', publisher='테크출판사' (truncated)...]
2026-04-29 12:20:35.575 [http-nio-8080-exec-7] DEBUG [98932662] [GET] [/api/v1/books] [127.0.0.1] o.s.web.servlet.DispatcherServlet - Completed 200 OK
2026-04-29 12:20:35.644 [http-nio-8080-exec-8] DEBUG [f98f597b] [POST] [/api/v1/loans] [127.0.0.1] o.s.web.servlet.DispatcherServlet - POST "/api/v1/loans?memberId=1&bookId=1", parameters={masked}
2026-04-29 12:20:35.644 [http-nio-8080-exec-8] DEBUG [f98f597b] [POST] [/api/v1/loans] [127.0.0.1] o.s.w.s.m.m.a.RequestMappingHandlerMapping - Mapped to com.ohgiraffers.stability.section02.logging.controller.LoanController#createLoan(Long, Long)
2026-04-29 12:20:35.645 [http-nio-8080-exec-8] INFO  [f98f597b] [POST] [/api/v1/loans] [127.0.0.1] c.o.s.s.l.controller.LoanController - [s2][LoanController] 대출 요청 접수 - 회원 ID: 1, 도서 ID: 1
2026-04-29 12:20:35.646 [http-nio-8080-exec-8] DEBUG [f98f597b] [POST] [/api/v1/loans] [127.0.0.1] org.hibernate.SQL - 
    select
        m1_0.member_id,
        m1_0.active,
        m1_0.email,
        m1_0.join_date,
        m1_0.member_name,
        m1_0.phone 
    from
        tbl_member m1_0 
    where
        m1_0.member_id=?
2026-04-29 12:20:35.649 [http-nio-8080-exec-8] DEBUG [f98f597b] [POST] [/api/v1/loans] [127.0.0.1] org.hibernate.SQL - 
    select
        b1_0.book_id,
        b1_0.author,
        b1_0.available,
        b1_0.isbn,
        b1_0.publish_date,
        b1_0.publisher,
        b1_0.stock_quantity,
        b1_0.title 
    from
        tbl_book b1_0 
    where
        b1_0.book_id=?
2026-04-29 12:20:35.660 [http-nio-8080-exec-8] DEBUG [f98f597b] [POST] [/api/v1/loans] [127.0.0.1] org.hibernate.SQL - 
    select
        count(l1_0.loan_id) 
    from
        tbl_loan l1_0 
    where
        l1_0.member_id=? 
        and l1_0.status='ACTIVE'
2026-04-29 12:20:35.674 [http-nio-8080-exec-8] DEBUG [f98f597b] [POST] [/api/v1/loans] [127.0.0.1] org.hibernate.SQL - 
    select
        count(l1_0.loan_id)>0 
    from
        tbl_loan l1_0 
    where
        l1_0.book_id=? 
        and l1_0.status='ACTIVE'
2026-04-29 12:20:35.676 [http-nio-8080-exec-8] DEBUG [f98f597b] [POST] [/api/v1/loans] [127.0.0.1] org.hibernate.SQL - 
    insert 
    into
        tbl_loan
        (book_id, due_date, fine_amount, loan_date, member_id, overdue_days, return_date, status, loan_id) 
    values
        (?, ?, ?, ?, ?, ?, ?, ?, default)
2026-04-29 12:20:35.685 [http-nio-8080-exec-8] DEBUG [f98f597b] [POST] [/api/v1/loans] [127.0.0.1] org.hibernate.SQL - 
    update
        tbl_book 
    set
        author=?,
        available=?,
        isbn=?,
        publish_date=?,
        publisher=?,
        stock_quantity=?,
        title=? 
    where
        book_id=?
2026-04-29 12:20:35.686 [http-nio-8080-exec-8] INFO  [f98f597b] [POST] [/api/v1/loans] [127.0.0.1] c.o.s.s.l.controller.LoanController - [s2][LoanController] 대출 요청 처리 완료 - 대출 ID: 1
2026-04-29 12:20:35.693 [http-nio-8080-exec-8] DEBUG [f98f597b] [POST] [/api/v1/loans] [127.0.0.1] o.s.w.s.m.m.a.HttpEntityMethodProcessor - Using 'application/json', given [application/json] and supported [application/json, application/*+json]
2026-04-29 12:20:35.694 [http-nio-8080-exec-8] DEBUG [f98f597b] [POST] [/api/v1/loans] [127.0.0.1] o.s.w.s.m.m.a.HttpEntityMethodProcessor - Writing [LoanDTO{loanId=1, memberId=1, memberName='김도서', bookId=1, bookTitle='Spring Boot 완벽 가이드', bookIsbn=' (truncated)...]
2026-04-29 12:20:35.696 [http-nio-8080-exec-8] DEBUG [f98f597b] [POST] [/api/v1/loans] [127.0.0.1] o.s.web.servlet.DispatcherServlet - Completed 201 CREATED
2026-04-29 12:20:35.759 [http-nio-8080-exec-9] DEBUG [72cca820] [POST] [/api/v1/loans] [127.0.0.1] o.s.web.servlet.DispatcherServlet - POST "/api/v1/loans?memberId=1&bookId=2", parameters={masked}
2026-04-29 12:20:35.760 [http-nio-8080-exec-9] DEBUG [72cca820] [POST] [/api/v1/loans] [127.0.0.1] o.s.w.s.m.m.a.RequestMappingHandlerMapping - Mapped to com.ohgiraffers.stability.section02.logging.controller.LoanController#createLoan(Long, Long)
2026-04-29 12:20:35.761 [http-nio-8080-exec-9] INFO  [72cca820] [POST] [/api/v1/loans] [127.0.0.1] c.o.s.s.l.controller.LoanController - [s2][LoanController] 대출 요청 접수 - 회원 ID: 1, 도서 ID: 2
2026-04-29 12:20:35.764 [http-nio-8080-exec-9] DEBUG [72cca820] [POST] [/api/v1/loans] [127.0.0.1] org.hibernate.SQL - 
    select
        m1_0.member_id,
        m1_0.active,
        m1_0.email,
        m1_0.join_date,
        m1_0.member_name,
        m1_0.phone 
    from
        tbl_member m1_0 
    where
        m1_0.member_id=?
2026-04-29 12:20:35.765 [http-nio-8080-exec-9] DEBUG [72cca820] [POST] [/api/v1/loans] [127.0.0.1] org.hibernate.SQL - 
    select
        b1_0.book_id,
        b1_0.author,
        b1_0.available,
        b1_0.isbn,
        b1_0.publish_date,
        b1_0.publisher,
        b1_0.stock_quantity,
        b1_0.title 
    from
        tbl_book b1_0 
    where
        b1_0.book_id=?
2026-04-29 12:20:35.768 [http-nio-8080-exec-9] DEBUG [72cca820] [POST] [/api/v1/loans] [127.0.0.1] org.hibernate.SQL - 
    select
        count(l1_0.loan_id) 
    from
        tbl_loan l1_0 
    where
        l1_0.member_id=? 
        and l1_0.status='ACTIVE'
2026-04-29 12:20:35.769 [http-nio-8080-exec-9] DEBUG [72cca820] [POST] [/api/v1/loans] [127.0.0.1] org.hibernate.SQL - 
    select
        count(l1_0.loan_id)>0 
    from
        tbl_loan l1_0 
    where
        l1_0.book_id=? 
        and l1_0.status='ACTIVE'
2026-04-29 12:20:35.770 [http-nio-8080-exec-9] DEBUG [72cca820] [POST] [/api/v1/loans] [127.0.0.1] org.hibernate.SQL - 
    insert 
    into
        tbl_loan
        (book_id, due_date, fine_amount, loan_date, member_id, overdue_days, return_date, status, loan_id) 
    values
        (?, ?, ?, ?, ?, ?, ?, ?, default)
2026-04-29 12:20:35.782 [http-nio-8080-exec-9] DEBUG [72cca820] [POST] [/api/v1/loans] [127.0.0.1] org.hibernate.SQL - 
    update
        tbl_book 
    set
        author=?,
        available=?,
        isbn=?,
        publish_date=?,
        publisher=?,
        stock_quantity=?,
        title=? 
    where
        book_id=?
2026-04-29 12:20:35.783 [http-nio-8080-exec-9] INFO  [72cca820] [POST] [/api/v1/loans] [127.0.0.1] c.o.s.s.l.controller.LoanController - [s2][LoanController] 대출 요청 처리 완료 - 대출 ID: 2
2026-04-29 12:20:35.783 [http-nio-8080-exec-9] DEBUG [72cca820] [POST] [/api/v1/loans] [127.0.0.1] o.s.w.s.m.m.a.HttpEntityMethodProcessor - Using 'application/json', given [application/json] and supported [application/json, application/*+json]
2026-04-29 12:20:35.784 [http-nio-8080-exec-9] DEBUG [72cca820] [POST] [/api/v1/loans] [127.0.0.1] o.s.w.s.m.m.a.HttpEntityMethodProcessor - Writing [LoanDTO{loanId=2, memberId=1, memberName='김도서', bookId=2, bookTitle='Java 프로그래밍 입문', bookIsbn='97809 (truncated)...]
2026-04-29 12:20:35.785 [http-nio-8080-exec-9] DEBUG [72cca820] [POST] [/api/v1/loans] [127.0.0.1] o.s.web.servlet.DispatcherServlet - Completed 201 CREATED
2026-04-29 12:20:35.851 [http-nio-8080-exec-10] DEBUG [1632f8a6] [GET] [/api/v1/loans/member/1] [127.0.0.1] o.s.web.servlet.DispatcherServlet - GET "/api/v1/loans/member/1", parameters={}
2026-04-29 12:20:35.851 [http-nio-8080-exec-10] DEBUG [1632f8a6] [GET] [/api/v1/loans/member/1] [127.0.0.1] o.s.w.s.m.m.a.RequestMappingHandlerMapping - Mapped to com.ohgiraffers.stability.section02.logging.controller.LoanController#getLoansByMember(Long)
2026-04-29 12:20:35.852 [http-nio-8080-exec-10] INFO  [1632f8a6] [GET] [/api/v1/loans/member/1] [127.0.0.1] c.o.s.s.l.controller.LoanController - [s2][LoanController] 회원별 대출 목록 조회 요청 - 회원 ID: 1
2026-04-29 12:20:35.853 [http-nio-8080-exec-10] DEBUG [1632f8a6] [GET] [/api/v1/loans/member/1] [127.0.0.1] org.hibernate.SQL - 
    select
        m1_0.member_id,
        m1_0.active,
        m1_0.email,
        m1_0.join_date,
        m1_0.member_name,
        m1_0.phone 
    from
        tbl_member m1_0 
    where
        m1_0.member_id=?
2026-04-29 12:20:35.857 [http-nio-8080-exec-10] DEBUG [1632f8a6] [GET] [/api/v1/loans/member/1] [127.0.0.1] org.hibernate.SQL - 
    select
        l1_0.loan_id,
        l1_0.book_id,
        l1_0.due_date,
        l1_0.fine_amount,
        l1_0.loan_date,
        l1_0.member_id,
        l1_0.overdue_days,
        l1_0.return_date,
        l1_0.status 
    from
        tbl_loan l1_0 
    where
        l1_0.member_id=?
2026-04-29 12:20:35.873 [http-nio-8080-exec-10] DEBUG [1632f8a6] [GET] [/api/v1/loans/member/1] [127.0.0.1] org.hibernate.SQL - 
    select
        b1_0.book_id,
        b1_0.author,
        b1_0.available,
        b1_0.isbn,
        b1_0.publish_date,
        b1_0.publisher,
        b1_0.stock_quantity,
        b1_0.title 
    from
        tbl_book b1_0 
    where
        b1_0.book_id=?
2026-04-29 12:20:35.876 [http-nio-8080-exec-10] DEBUG [1632f8a6] [GET] [/api/v1/loans/member/1] [127.0.0.1] org.hibernate.SQL - 
    select
        b1_0.book_id,
        b1_0.author,
        b1_0.available,
        b1_0.isbn,
        b1_0.publish_date,
        b1_0.publisher,
        b1_0.stock_quantity,
        b1_0.title 
    from
        tbl_book b1_0 
    where
        b1_0.book_id=?
2026-04-29 12:20:35.878 [http-nio-8080-exec-10] INFO  [1632f8a6] [GET] [/api/v1/loans/member/1] [127.0.0.1] c.o.s.s.l.controller.LoanController - [s2][LoanController] 회원별 대출 목록 조회 완료 - 회원 ID: 1, 대출 수: 2건
2026-04-29 12:20:35.879 [http-nio-8080-exec-10] DEBUG [1632f8a6] [GET] [/api/v1/loans/member/1] [127.0.0.1] o.s.w.s.m.m.a.HttpEntityMethodProcessor - Using 'application/json', given [application/json] and supported [application/json, application/*+json]
2026-04-29 12:20:35.879 [http-nio-8080-exec-10] DEBUG [1632f8a6] [GET] [/api/v1/loans/member/1] [127.0.0.1] o.s.w.s.m.m.a.HttpEntityMethodProcessor - Writing [[LoanDTO{loanId=1, memberId=1, memberName='김도서', bookId=1, bookTitle='Spring Boot 완벽 가이드', bookIsbn= (truncated)...]
2026-04-29 12:20:35.882 [http-nio-8080-exec-10] DEBUG [1632f8a6] [GET] [/api/v1/loans/member/1] [127.0.0.1] o.s.web.servlet.DispatcherServlet - Completed 200 OK
2026-04-29 12:20:35.958 [http-nio-8080-exec-1] DEBUG [d859e9d5] [PATCH] [/api/v1/loans/1/extend] [127.0.0.1] o.s.web.servlet.DispatcherServlet - PATCH "/api/v1/loans/1/extend?extensionDays=7", parameters={masked}
2026-04-29 12:20:35.959 [http-nio-8080-exec-1] DEBUG [d859e9d5] [PATCH] [/api/v1/loans/1/extend] [127.0.0.1] o.s.w.s.m.m.a.RequestMappingHandlerMapping - Mapped to com.ohgiraffers.stability.section02.logging.controller.LoanController#extendLoan(Long, int)
2026-04-29 12:20:35.960 [http-nio-8080-exec-1] INFO  [d859e9d5] [PATCH] [/api/v1/loans/1/extend] [127.0.0.1] c.o.s.s.l.controller.LoanController - [s2][LoanController] 대출 연장 요청 접수 - 대출 ID: 1, 연장 일수: 7일
2026-04-29 12:20:35.962 [http-nio-8080-exec-1] DEBUG [d859e9d5] [PATCH] [/api/v1/loans/1/extend] [127.0.0.1] org.hibernate.SQL - 
    select
        l1_0.loan_id,
        l1_0.book_id,
        l1_0.due_date,
        l1_0.fine_amount,
        l1_0.loan_date,
        l1_0.member_id,
        l1_0.overdue_days,
        l1_0.return_date,
        l1_0.status 
    from
        tbl_loan l1_0 
    where
        l1_0.loan_id=?
2026-04-29 12:20:35.965 [http-nio-8080-exec-1] DEBUG [d859e9d5] [PATCH] [/api/v1/loans/1/extend] [127.0.0.1] org.hibernate.SQL - 
    select
        m1_0.member_id,
        m1_0.active,
        m1_0.email,
        m1_0.join_date,
        m1_0.member_name,
        m1_0.phone 
    from
        tbl_member m1_0 
    where
        m1_0.member_id=?
2026-04-29 12:20:35.966 [http-nio-8080-exec-1] DEBUG [d859e9d5] [PATCH] [/api/v1/loans/1/extend] [127.0.0.1] org.hibernate.SQL - 
    select
        b1_0.book_id,
        b1_0.author,
        b1_0.available,
        b1_0.isbn,
        b1_0.publish_date,
        b1_0.publisher,
        b1_0.stock_quantity,
        b1_0.title 
    from
        tbl_book b1_0 
    where
        b1_0.book_id=?
2026-04-29 12:20:35.968 [http-nio-8080-exec-1] DEBUG [d859e9d5] [PATCH] [/api/v1/loans/1/extend] [127.0.0.1] org.hibernate.SQL - 
    update
        tbl_loan 
    set
        book_id=?,
        due_date=?,
        fine_amount=?,
        loan_date=?,
        member_id=?,
        overdue_days=?,
        return_date=?,
        status=? 
    where
        loan_id=?
2026-04-29 12:20:35.970 [http-nio-8080-exec-1] INFO  [d859e9d5] [PATCH] [/api/v1/loans/1/extend] [127.0.0.1] c.o.s.s.l.controller.LoanController - [s2][LoanController] 대출 연장 요청 처리 완료 - 대출 ID: 1
2026-04-29 12:20:35.970 [http-nio-8080-exec-1] DEBUG [d859e9d5] [PATCH] [/api/v1/loans/1/extend] [127.0.0.1] o.s.w.s.m.m.a.HttpEntityMethodProcessor - Using 'application/json', given [application/json] and supported [application/json, application/*+json]
2026-04-29 12:20:35.970 [http-nio-8080-exec-1] DEBUG [d859e9d5] [PATCH] [/api/v1/loans/1/extend] [127.0.0.1] o.s.w.s.m.m.a.HttpEntityMethodProcessor - Writing [LoanDTO{loanId=1, memberId=1, memberName='김도서', bookId=1, bookTitle='Spring Boot 완벽 가이드', bookIsbn=' (truncated)...]
2026-04-29 12:20:35.971 [http-nio-8080-exec-1] DEBUG [d859e9d5] [PATCH] [/api/v1/loans/1/extend] [127.0.0.1] o.s.web.servlet.DispatcherServlet - Completed 200 OK
2026-04-29 12:20:36.029 [http-nio-8080-exec-2] DEBUG [c1b74842] [PATCH] [/api/v1/loans/1/return] [127.0.0.1] o.s.web.servlet.DispatcherServlet - PATCH "/api/v1/loans/1/return", parameters={}
2026-04-29 12:20:36.030 [http-nio-8080-exec-2] DEBUG [c1b74842] [PATCH] [/api/v1/loans/1/return] [127.0.0.1] o.s.w.s.m.m.a.RequestMappingHandlerMapping - Mapped to com.ohgiraffers.stability.section02.logging.controller.LoanController#returnBook(Long)
2026-04-29 12:20:36.030 [http-nio-8080-exec-2] INFO  [c1b74842] [PATCH] [/api/v1/loans/1/return] [127.0.0.1] c.o.s.s.l.controller.LoanController - [s2][LoanController] 반납 요청 접수 - 대출 ID: 1
2026-04-29 12:20:36.031 [http-nio-8080-exec-2] DEBUG [c1b74842] [PATCH] [/api/v1/loans/1/return] [127.0.0.1] org.hibernate.SQL - 
    select
        l1_0.loan_id,
        l1_0.book_id,
        l1_0.due_date,
        l1_0.fine_amount,
        l1_0.loan_date,
        l1_0.member_id,
        l1_0.overdue_days,
        l1_0.return_date,
        l1_0.status 
    from
        tbl_loan l1_0 
    where
        l1_0.loan_id=?
2026-04-29 12:20:36.033 [http-nio-8080-exec-2] DEBUG [c1b74842] [PATCH] [/api/v1/loans/1/return] [127.0.0.1] org.hibernate.SQL - 
    select
        b1_0.book_id,
        b1_0.author,
        b1_0.available,
        b1_0.isbn,
        b1_0.publish_date,
        b1_0.publisher,
        b1_0.stock_quantity,
        b1_0.title 
    from
        tbl_book b1_0 
    where
        b1_0.book_id=?
2026-04-29 12:20:36.033 [http-nio-8080-exec-2] DEBUG [c1b74842] [PATCH] [/api/v1/loans/1/return] [127.0.0.1] org.hibernate.SQL - 
    select
        m1_0.member_id,
        m1_0.active,
        m1_0.email,
        m1_0.join_date,
        m1_0.member_name,
        m1_0.phone 
    from
        tbl_member m1_0 
    where
        m1_0.member_id=?
2026-04-29 12:20:36.035 [http-nio-8080-exec-2] DEBUG [c1b74842] [PATCH] [/api/v1/loans/1/return] [127.0.0.1] org.hibernate.SQL - 
    update
        tbl_loan 
    set
        book_id=?,
        due_date=?,
        fine_amount=?,
        loan_date=?,
        member_id=?,
        overdue_days=?,
        return_date=?,
        status=? 
    where
        loan_id=?
2026-04-29 12:20:36.035 [http-nio-8080-exec-2] DEBUG [c1b74842] [PATCH] [/api/v1/loans/1/return] [127.0.0.1] org.hibernate.SQL - 
    update
        tbl_book 
    set
        author=?,
        available=?,
        isbn=?,
        publish_date=?,
        publisher=?,
        stock_quantity=?,
        title=? 
    where
        book_id=?
2026-04-29 12:20:36.036 [http-nio-8080-exec-2] INFO  [c1b74842] [PATCH] [/api/v1/loans/1/return] [127.0.0.1] c.o.s.s.l.controller.LoanController - [s2][LoanController] 반납 요청 처리 완료 - 대출 ID: 1
2026-04-29 12:20:36.036 [http-nio-8080-exec-2] DEBUG [c1b74842] [PATCH] [/api/v1/loans/1/return] [127.0.0.1] o.s.w.s.m.m.a.HttpEntityMethodProcessor - Using 'application/json', given [application/json] and supported [application/json, application/*+json]
2026-04-29 12:20:36.037 [http-nio-8080-exec-2] DEBUG [c1b74842] [PATCH] [/api/v1/loans/1/return] [127.0.0.1] o.s.w.s.m.m.a.HttpEntityMethodProcessor - Writing [LoanDTO{loanId=1, memberId=1, memberName='김도서', bookId=1, bookTitle='Spring Boot 완벽 가이드', bookIsbn=' (truncated)...]
2026-04-29 12:20:36.037 [http-nio-8080-exec-2] DEBUG [c1b74842] [PATCH] [/api/v1/loans/1/return] [127.0.0.1] o.s.web.servlet.DispatcherServlet - Completed 200 OK
2026-04-29 12:20:36.123 [http-nio-8080-exec-3] DEBUG [a47866bf] [GET] [/api/v1/loans/overdue] [127.0.0.1] o.s.web.servlet.DispatcherServlet - GET "/api/v1/loans/overdue", parameters={}
2026-04-29 12:20:36.124 [http-nio-8080-exec-3] DEBUG [a47866bf] [GET] [/api/v1/loans/overdue] [127.0.0.1] o.s.w.s.m.m.a.RequestMappingHandlerMapping - Mapped to com.ohgiraffers.stability.section02.logging.controller.LoanController#getOverdueLoans()
2026-04-29 12:20:36.124 [http-nio-8080-exec-3] INFO  [a47866bf] [GET] [/api/v1/loans/overdue] [127.0.0.1] c.o.s.s.l.controller.LoanController - [s2][LoanController] 연체 대출 목록 조회 요청
2026-04-29 12:20:36.138 [http-nio-8080-exec-3] DEBUG [a47866bf] [GET] [/api/v1/loans/overdue] [127.0.0.1] org.hibernate.SQL - 
    select
        l1_0.loan_id,
        l1_0.book_id,
        l1_0.due_date,
        l1_0.fine_amount,
        l1_0.loan_date,
        l1_0.member_id,
        l1_0.overdue_days,
        l1_0.return_date,
        l1_0.status 
    from
        tbl_loan l1_0 
    where
        l1_0.status='ACTIVE' 
        and l1_0.due_date<?
2026-04-29 12:20:36.141 [http-nio-8080-exec-3] INFO  [a47866bf] [GET] [/api/v1/loans/overdue] [127.0.0.1] c.o.s.s.l.controller.LoanController - [s2][LoanController] 연체 대출 목록 조회 완료 - 연체 건수: 0건
2026-04-29 12:20:36.142 [http-nio-8080-exec-3] DEBUG [a47866bf] [GET] [/api/v1/loans/overdue] [127.0.0.1] o.s.w.s.m.m.a.HttpEntityMethodProcessor - Using 'application/json', given [application/json] and supported [application/json, application/*+json]
2026-04-29 12:20:36.142 [http-nio-8080-exec-3] DEBUG [a47866bf] [GET] [/api/v1/loans/overdue] [127.0.0.1] o.s.w.s.m.m.a.HttpEntityMethodProcessor - Writing [[]]
2026-04-29 12:20:36.142 [http-nio-8080-exec-3] DEBUG [a47866bf] [GET] [/api/v1/loans/overdue] [127.0.0.1] o.s.web.servlet.DispatcherServlet - Completed 200 OK
2026-04-29 12:20:36.202 [http-nio-8080-exec-4] DEBUG [cf962aad] [POST] [/api/v1/loans/overdue/process] [127.0.0.1] o.s.web.servlet.DispatcherServlet - POST "/api/v1/loans/overdue/process", parameters={}
2026-04-29 12:20:36.202 [http-nio-8080-exec-4] DEBUG [cf962aad] [POST] [/api/v1/loans/overdue/process] [127.0.0.1] o.s.w.s.m.m.a.RequestMappingHandlerMapping - Mapped to com.ohgiraffers.stability.section02.logging.controller.LoanController#processOverdueLoans()
2026-04-29 12:20:36.202 [http-nio-8080-exec-4] INFO  [cf962aad] [POST] [/api/v1/loans/overdue/process] [127.0.0.1] c.o.s.s.l.controller.LoanController - [s2][LoanController] 연체 대출 일괄 처리 요청
2026-04-29 12:20:36.204 [http-nio-8080-exec-4] DEBUG [cf962aad] [POST] [/api/v1/loans/overdue/process] [127.0.0.1] org.hibernate.SQL - 
    select
        l1_0.loan_id,
        l1_0.book_id,
        l1_0.due_date,
        l1_0.fine_amount,
        l1_0.loan_date,
        l1_0.member_id,
        l1_0.overdue_days,
        l1_0.return_date,
        l1_0.status 
    from
        tbl_loan l1_0 
    where
        l1_0.status='ACTIVE' 
        and l1_0.due_date<?
2026-04-29 12:20:36.206 [http-nio-8080-exec-4] INFO  [cf962aad] [POST] [/api/v1/loans/overdue/process] [127.0.0.1] c.o.s.s.l.controller.LoanController - [s2][LoanController] 연체 대출 일괄 처리 완료 - 처리 건수: 0건
2026-04-29 12:20:36.207 [http-nio-8080-exec-4] DEBUG [cf962aad] [POST] [/api/v1/loans/overdue/process] [127.0.0.1] o.s.w.s.m.m.a.HttpEntityMethodProcessor - Using 'application/json', given [application/json] and supported [application/json, application/*+json]
2026-04-29 12:20:36.207 [http-nio-8080-exec-4] DEBUG [cf962aad] [POST] [/api/v1/loans/overdue/process] [127.0.0.1] o.s.w.s.m.m.a.HttpEntityMethodProcessor - Writing [{processedCount=0, message=연체 대출 일괄 처리가 완료되었습니다.}]
2026-04-29 12:20:36.208 [http-nio-8080-exec-4] DEBUG [cf962aad] [POST] [/api/v1/loans/overdue/process] [127.0.0.1] o.s.web.servlet.DispatcherServlet - Completed 200 OK
2026-04-29 12:20:36.272 [http-nio-8080-exec-5] DEBUG [a22ba909] [POST] [/api/v1/loans/test/logging] [127.0.0.1] o.s.web.servlet.DispatcherServlet - POST "/api/v1/loans/test/logging?level=debug&message=%EB%94%94%EB%B2%84%EA%B7%B8+%EB%A1%9C%EA%B7%B8+%ED%85%8C%EC%8A%A4%ED%8A%B8%EC%9E%85%EB%8B%88%EB%8B%A4", parameters={masked}
2026-04-29 12:20:36.273 [http-nio-8080-exec-5] DEBUG [a22ba909] [POST] [/api/v1/loans/test/logging] [127.0.0.1] o.s.w.s.m.m.a.RequestMappingHandlerMapping - Mapped to com.ohgiraffers.stability.section02.logging.controller.LoanController#testLogging(String, String)
2026-04-29 12:20:36.274 [http-nio-8080-exec-5] INFO  [a22ba909] [POST] [/api/v1/loans/test/logging] [127.0.0.1] c.o.s.s.l.controller.LoanController - [s2][LoanController] 로깅 테스트 요청 - 레벨: debug, 메시지: 디버그 로그 테스트입니다
2026-04-29 12:20:36.274 [http-nio-8080-exec-5] DEBUG [a22ba909] [POST] [/api/v1/loans/test/logging] [127.0.0.1] c.o.s.s.l.controller.LoanController - [s2][LoanController] DEBUG 테스트: 디버그 로그 테스트입니다
2026-04-29 12:20:36.275 [http-nio-8080-exec-5] DEBUG [a22ba909] [POST] [/api/v1/loans/test/logging] [127.0.0.1] o.s.w.s.m.m.a.HttpEntityMethodProcessor - Using 'application/json', given [application/json] and supported [application/json, application/*+json]
2026-04-29 12:20:36.275 [http-nio-8080-exec-5] DEBUG [a22ba909] [POST] [/api/v1/loans/test/logging] [127.0.0.1] o.s.w.s.m.m.a.HttpEntityMethodProcessor - Writing [{result=로깅 테스트가 완료되었습니다., level=debug, message=디버그 로그 테스트입니다}]
2026-04-29 12:20:36.276 [http-nio-8080-exec-5] DEBUG [a22ba909] [POST] [/api/v1/loans/test/logging] [127.0.0.1] o.s.web.servlet.DispatcherServlet - Completed 200 OK
2026-04-29 12:20:36.337 [http-nio-8080-exec-6] DEBUG [e3608c91] [POST] [/api/v1/loans/test/logging] [127.0.0.1] o.s.web.servlet.DispatcherServlet - POST "/api/v1/loans/test/logging?level=info&message=%EC%A0%95%EB%B3%B4+%EB%A1%9C%EA%B7%B8+%ED%85%8C%EC%8A%A4%ED%8A%B8%EC%9E%85%EB%8B%88%EB%8B%A4", parameters={masked}
2026-04-29 12:20:36.338 [http-nio-8080-exec-6] DEBUG [e3608c91] [POST] [/api/v1/loans/test/logging] [127.0.0.1] o.s.w.s.m.m.a.RequestMappingHandlerMapping - Mapped to com.ohgiraffers.stability.section02.logging.controller.LoanController#testLogging(String, String)
2026-04-29 12:20:36.338 [http-nio-8080-exec-6] INFO  [e3608c91] [POST] [/api/v1/loans/test/logging] [127.0.0.1] c.o.s.s.l.controller.LoanController - [s2][LoanController] 로깅 테스트 요청 - 레벨: info, 메시지: 정보 로그 테스트입니다
2026-04-29 12:20:36.338 [http-nio-8080-exec-6] INFO  [e3608c91] [POST] [/api/v1/loans/test/logging] [127.0.0.1] c.o.s.s.l.controller.LoanController - [s2][LoanController] INFO 테스트: 정보 로그 테스트입니다
2026-04-29 12:20:36.339 [http-nio-8080-exec-6] DEBUG [e3608c91] [POST] [/api/v1/loans/test/logging] [127.0.0.1] o.s.w.s.m.m.a.HttpEntityMethodProcessor - Using 'application/json', given [application/json] and supported [application/json, application/*+json]
2026-04-29 12:20:36.339 [http-nio-8080-exec-6] DEBUG [e3608c91] [POST] [/api/v1/loans/test/logging] [127.0.0.1] o.s.w.s.m.m.a.HttpEntityMethodProcessor - Writing [{result=로깅 테스트가 완료되었습니다., level=info, message=정보 로그 테스트입니다}]
2026-04-29 12:20:36.340 [http-nio-8080-exec-6] DEBUG [e3608c91] [POST] [/api/v1/loans/test/logging] [127.0.0.1] o.s.web.servlet.DispatcherServlet - Completed 200 OK
2026-04-29 12:20:36.407 [http-nio-8080-exec-7] DEBUG [c7b194a3] [POST] [/api/v1/loans/test/logging] [127.0.0.1] o.s.web.servlet.DispatcherServlet - POST "/api/v1/loans/test/logging?level=warn&message=%EA%B2%BD%EA%B3%A0+%EB%A1%9C%EA%B7%B8+%ED%85%8C%EC%8A%A4%ED%8A%B8%EC%9E%85%EB%8B%88%EB%8B%A4", parameters={masked}
2026-04-29 12:20:36.408 [http-nio-8080-exec-7] DEBUG [c7b194a3] [POST] [/api/v1/loans/test/logging] [127.0.0.1] o.s.w.s.m.m.a.RequestMappingHandlerMapping - Mapped to com.ohgiraffers.stability.section02.logging.controller.LoanController#testLogging(String, String)
2026-04-29 12:20:36.408 [http-nio-8080-exec-7] INFO  [c7b194a3] [POST] [/api/v1/loans/test/logging] [127.0.0.1] c.o.s.s.l.controller.LoanController - [s2][LoanController] 로깅 테스트 요청 - 레벨: warn, 메시지: 경고 로그 테스트입니다
2026-04-29 12:20:36.408 [http-nio-8080-exec-7] WARN  [c7b194a3] [POST] [/api/v1/loans/test/logging] [127.0.0.1] c.o.s.s.l.controller.LoanController - [s2][LoanController] WARN 테스트: 경고 로그 테스트입니다
2026-04-29 12:20:36.409 [http-nio-8080-exec-7] DEBUG [c7b194a3] [POST] [/api/v1/loans/test/logging] [127.0.0.1] o.s.w.s.m.m.a.HttpEntityMethodProcessor - Using 'application/json', given [application/json] and supported [application/json, application/*+json]
2026-04-29 12:20:36.409 [http-nio-8080-exec-7] DEBUG [c7b194a3] [POST] [/api/v1/loans/test/logging] [127.0.0.1] o.s.w.s.m.m.a.HttpEntityMethodProcessor - Writing [{result=로깅 테스트가 완료되었습니다., level=warn, message=경고 로그 테스트입니다}]
2026-04-29 12:20:36.409 [http-nio-8080-exec-7] DEBUG [c7b194a3] [POST] [/api/v1/loans/test/logging] [127.0.0.1] o.s.web.servlet.DispatcherServlet - Completed 200 OK
2026-04-29 12:20:36.493 [http-nio-8080-exec-8] DEBUG [f60d65ff] [POST] [/api/v1/loans/test/logging] [127.0.0.1] o.s.web.servlet.DispatcherServlet - POST "/api/v1/loans/test/logging?level=error&message=%EC%97%90%EB%9F%AC+%EB%A1%9C%EA%B7%B8+%ED%85%8C%EC%8A%A4%ED%8A%B8%EC%9E%85%EB%8B%88%EB%8B%A4", parameters={masked}
2026-04-29 12:20:36.494 [http-nio-8080-exec-8] DEBUG [f60d65ff] [POST] [/api/v1/loans/test/logging] [127.0.0.1] o.s.w.s.m.m.a.RequestMappingHandlerMapping - Mapped to com.ohgiraffers.stability.section02.logging.controller.LoanController#testLogging(String, String)
2026-04-29 12:20:36.494 [http-nio-8080-exec-8] INFO  [f60d65ff] [POST] [/api/v1/loans/test/logging] [127.0.0.1] c.o.s.s.l.controller.LoanController - [s2][LoanController] 로깅 테스트 요청 - 레벨: error, 메시지: 에러 로그 테스트입니다
2026-04-29 12:20:36.494 [http-nio-8080-exec-8] ERROR [f60d65ff] [POST] [/api/v1/loans/test/logging] [127.0.0.1] c.o.s.s.l.controller.LoanController - [s2][LoanController] ERROR 테스트: 에러 로그 테스트입니다
2026-04-29 12:20:36.495 [http-nio-8080-exec-8] DEBUG [f60d65ff] [POST] [/api/v1/loans/test/logging] [127.0.0.1] o.s.w.s.m.m.a.HttpEntityMethodProcessor - Using 'application/json', given [application/json] and supported [application/json, application/*+json]
2026-04-29 12:20:36.495 [http-nio-8080-exec-8] DEBUG [f60d65ff] [POST] [/api/v1/loans/test/logging] [127.0.0.1] o.s.w.s.m.m.a.HttpEntityMethodProcessor - Writing [{result=로깅 테스트가 완료되었습니다., level=error, message=에러 로그 테스트입니다}]
2026-04-29 12:20:36.496 [http-nio-8080-exec-8] DEBUG [f60d65ff] [POST] [/api/v1/loans/test/logging] [127.0.0.1] o.s.web.servlet.DispatcherServlet - Completed 200 OK
2026-04-29 12:20:36.566 [http-nio-8080-exec-9] DEBUG [36e95ade] [POST] [/api/v1/loans] [127.0.0.1] o.s.web.servlet.DispatcherServlet - POST "/api/v1/loans?memberId=999&bookId=1", parameters={masked}
2026-04-29 12:20:36.567 [http-nio-8080-exec-9] DEBUG [36e95ade] [POST] [/api/v1/loans] [127.0.0.1] o.s.w.s.m.m.a.RequestMappingHandlerMapping - Mapped to com.ohgiraffers.stability.section02.logging.controller.LoanController#createLoan(Long, Long)
2026-04-29 12:20:36.567 [http-nio-8080-exec-9] INFO  [36e95ade] [POST] [/api/v1/loans] [127.0.0.1] c.o.s.s.l.controller.LoanController - [s2][LoanController] 대출 요청 접수 - 회원 ID: 999, 도서 ID: 1
2026-04-29 12:20:36.569 [http-nio-8080-exec-9] DEBUG [36e95ade] [POST] [/api/v1/loans] [127.0.0.1] org.hibernate.SQL - 
    select
        m1_0.member_id,
        m1_0.active,
        m1_0.email,
        m1_0.join_date,
        m1_0.member_name,
        m1_0.phone 
    from
        tbl_member m1_0 
    where
        m1_0.member_id=?
2026-04-29 12:20:36.571 [http-nio-8080-exec-9] DEBUG [36e95ade] [POST] [/api/v1/loans] [127.0.0.1] o.s.w.s.m.m.a.ExceptionHandlerExceptionResolver - Using @ExceptionHandler com.ohgiraffers.stability.section01.exception.handler.GlobalExceptionHandler#handleIllegalArgumentException(IllegalArgumentException, HttpServletRequest)
2026-04-29 12:20:36.571 [http-nio-8080-exec-9] WARN  [36e95ade] [POST] [/api/v1/loans] [127.0.0.1] c.o.s.s.e.h.GlobalExceptionHandler - [s1][GlobalExceptionHandler] 잘못된 인수: 존재하지 않는 회원입니다: 999
2026-04-29 12:20:36.575 [http-nio-8080-exec-9] DEBUG [36e95ade] [POST] [/api/v1/loans] [127.0.0.1] o.s.w.s.m.m.a.HttpEntityMethodProcessor - Using 'application/json', given [application/json] and supported [application/json, application/*+json]
2026-04-29 12:20:36.577 [http-nio-8080-exec-9] DEBUG [36e95ade] [POST] [/api/v1/loans] [127.0.0.1] o.s.w.s.m.m.a.HttpEntityMethodProcessor - Writing [ErrorResponse{errorCode='INVALID_ARGUMENT', message='존재하지 않는 회원입니다: 999', timestamp=2026-04-29T12:20 (truncated)...]
2026-04-29 12:20:36.578 [http-nio-8080-exec-9] WARN  [36e95ade] [POST] [/api/v1/loans] [127.0.0.1] o.s.w.s.m.m.a.ExceptionHandlerExceptionResolver - Resolved [java.lang.IllegalArgumentException: 존재하지 않는 회원입니다: 999]
2026-04-29 12:20:36.578 [http-nio-8080-exec-9] DEBUG [36e95ade] [POST] [/api/v1/loans] [127.0.0.1] o.s.web.servlet.DispatcherServlet - Completed 400 BAD_REQUEST
2026-04-29 12:20:36.636 [http-nio-8080-exec-10] DEBUG [9706e3fe] [POST] [/api/v1/loans] [127.0.0.1] o.s.web.servlet.DispatcherServlet - POST "/api/v1/loans?memberId=1&bookId=999", parameters={masked}
2026-04-29 12:20:36.636 [http-nio-8080-exec-10] DEBUG [9706e3fe] [POST] [/api/v1/loans] [127.0.0.1] o.s.w.s.m.m.a.RequestMappingHandlerMapping - Mapped to com.ohgiraffers.stability.section02.logging.controller.LoanController#createLoan(Long, Long)
2026-04-29 12:20:36.637 [http-nio-8080-exec-10] INFO  [9706e3fe] [POST] [/api/v1/loans] [127.0.0.1] c.o.s.s.l.controller.LoanController - [s2][LoanController] 대출 요청 접수 - 회원 ID: 1, 도서 ID: 999
2026-04-29 12:20:36.638 [http-nio-8080-exec-10] DEBUG [9706e3fe] [POST] [/api/v1/loans] [127.0.0.1] org.hibernate.SQL - 
    select
        m1_0.member_id,
        m1_0.active,
        m1_0.email,
        m1_0.join_date,
        m1_0.member_name,
        m1_0.phone 
    from
        tbl_member m1_0 
    where
        m1_0.member_id=?
2026-04-29 12:20:36.639 [http-nio-8080-exec-10] DEBUG [9706e3fe] [POST] [/api/v1/loans] [127.0.0.1] org.hibernate.SQL - 
    select
        b1_0.book_id,
        b1_0.author,
        b1_0.available,
        b1_0.isbn,
        b1_0.publish_date,
        b1_0.publisher,
        b1_0.stock_quantity,
        b1_0.title 
    from
        tbl_book b1_0 
    where
        b1_0.book_id=?
2026-04-29 12:20:36.641 [http-nio-8080-exec-10] DEBUG [9706e3fe] [POST] [/api/v1/loans] [127.0.0.1] o.s.w.s.m.m.a.ExceptionHandlerExceptionResolver - Using @ExceptionHandler com.ohgiraffers.stability.section01.exception.handler.GlobalExceptionHandler#handleBookNotFoundException(BookNotFoundException, HttpServletRequest)
2026-04-29 12:20:36.641 [http-nio-8080-exec-10] WARN  [9706e3fe] [POST] [/api/v1/loans] [127.0.0.1] c.o.s.s.e.h.GlobalExceptionHandler - [s1][GlobalExceptionHandler] 도서 조회 실패: 해당 ID의 도서를 찾을 수 없습니다: 999
2026-04-29 12:20:36.642 [http-nio-8080-exec-10] DEBUG [9706e3fe] [POST] [/api/v1/loans] [127.0.0.1] o.s.w.s.m.m.a.HttpEntityMethodProcessor - Using 'application/json', given [application/json] and supported [application/json, application/*+json]
2026-04-29 12:20:36.642 [http-nio-8080-exec-10] DEBUG [9706e3fe] [POST] [/api/v1/loans] [127.0.0.1] o.s.w.s.m.m.a.HttpEntityMethodProcessor - Writing [ErrorResponse{errorCode='BOOK_NOT_FOUND_BY_ID', message='해당 ID의 도서를 찾을 수 없습니다: 999', timestamp=2026- (truncated)...]
2026-04-29 12:20:36.643 [http-nio-8080-exec-10] WARN  [9706e3fe] [POST] [/api/v1/loans] [127.0.0.1] o.s.w.s.m.m.a.ExceptionHandlerExceptionResolver - Resolved [com.ohgiraffers.stability.section01.exception.exception.BookNotFoundException: 해당 ID의 도서를 찾을 수 없습니다: 999]
2026-04-29 12:20:36.643 [http-nio-8080-exec-10] DEBUG [9706e3fe] [POST] [/api/v1/loans] [127.0.0.1] o.s.web.servlet.DispatcherServlet - Completed 404 NOT_FOUND
2026-04-29 12:20:36.697 [http-nio-8080-exec-1] DEBUG [0c1248e4] [PATCH] [/api/v1/loans/1/return] [127.0.0.1] o.s.web.servlet.DispatcherServlet - PATCH "/api/v1/loans/1/return", parameters={}
2026-04-29 12:20:36.698 [http-nio-8080-exec-1] DEBUG [0c1248e4] [PATCH] [/api/v1/loans/1/return] [127.0.0.1] o.s.w.s.m.m.a.RequestMappingHandlerMapping - Mapped to com.ohgiraffers.stability.section02.logging.controller.LoanController#returnBook(Long)
2026-04-29 12:20:36.699 [http-nio-8080-exec-1] INFO  [0c1248e4] [PATCH] [/api/v1/loans/1/return] [127.0.0.1] c.o.s.s.l.controller.LoanController - [s2][LoanController] 반납 요청 접수 - 대출 ID: 1
2026-04-29 12:20:36.700 [http-nio-8080-exec-1] DEBUG [0c1248e4] [PATCH] [/api/v1/loans/1/return] [127.0.0.1] org.hibernate.SQL - 
    select
        l1_0.loan_id,
        l1_0.book_id,
        l1_0.due_date,
        l1_0.fine_amount,
        l1_0.loan_date,
        l1_0.member_id,
        l1_0.overdue_days,
        l1_0.return_date,
        l1_0.status 
    from
        tbl_loan l1_0 
    where
        l1_0.loan_id=?
2026-04-29 12:20:36.703 [http-nio-8080-exec-1] DEBUG [0c1248e4] [PATCH] [/api/v1/loans/1/return] [127.0.0.1] o.s.w.s.m.m.a.ExceptionHandlerExceptionResolver - Using @ExceptionHandler com.ohgiraffers.stability.section01.exception.handler.GlobalExceptionHandler#handleIllegalArgumentException(IllegalArgumentException, HttpServletRequest)
2026-04-29 12:20:36.703 [http-nio-8080-exec-1] WARN  [0c1248e4] [PATCH] [/api/v1/loans/1/return] [127.0.0.1] c.o.s.s.e.h.GlobalExceptionHandler - [s1][GlobalExceptionHandler] 잘못된 인수: 이미 반납된 도서입니다: 1
2026-04-29 12:20:36.704 [http-nio-8080-exec-1] DEBUG [0c1248e4] [PATCH] [/api/v1/loans/1/return] [127.0.0.1] o.s.w.s.m.m.a.HttpEntityMethodProcessor - Using 'application/json', given [application/json] and supported [application/json, application/*+json]
2026-04-29 12:20:36.704 [http-nio-8080-exec-1] DEBUG [0c1248e4] [PATCH] [/api/v1/loans/1/return] [127.0.0.1] o.s.w.s.m.m.a.HttpEntityMethodProcessor - Writing [ErrorResponse{errorCode='INVALID_ARGUMENT', message='이미 반납된 도서입니다: 1', timestamp=2026-04-29T12:20:36 (truncated)...]
2026-04-29 12:20:36.705 [http-nio-8080-exec-1] WARN  [0c1248e4] [PATCH] [/api/v1/loans/1/return] [127.0.0.1] o.s.w.s.m.m.a.ExceptionHandlerExceptionResolver - Resolved [java.lang.IllegalArgumentException: 이미 반납된 도서입니다: 1]
2026-04-29 12:20:36.705 [http-nio-8080-exec-1] DEBUG [0c1248e4] [PATCH] [/api/v1/loans/1/return] [127.0.0.1] o.s.web.servlet.DispatcherServlet - Completed 400 BAD_REQUEST
2026-04-29 12:20:36.761 [http-nio-8080-exec-2] DEBUG [e871d3ed] [PATCH] [/api/v1/loans/2/extend] [127.0.0.1] o.s.web.servlet.DispatcherServlet - PATCH "/api/v1/loans/2/extend?extensionDays=30", parameters={masked}
2026-04-29 12:20:36.762 [http-nio-8080-exec-2] DEBUG [e871d3ed] [PATCH] [/api/v1/loans/2/extend] [127.0.0.1] o.s.w.s.m.m.a.RequestMappingHandlerMapping - Mapped to com.ohgiraffers.stability.section02.logging.controller.LoanController#extendLoan(Long, int)
2026-04-29 12:20:36.763 [http-nio-8080-exec-2] INFO  [e871d3ed] [PATCH] [/api/v1/loans/2/extend] [127.0.0.1] c.o.s.s.l.controller.LoanController - [s2][LoanController] 대출 연장 요청 접수 - 대출 ID: 2, 연장 일수: 30일
2026-04-29 12:20:36.764 [http-nio-8080-exec-2] DEBUG [e871d3ed] [PATCH] [/api/v1/loans/2/extend] [127.0.0.1] org.hibernate.SQL - 
    select
        l1_0.loan_id,
        l1_0.book_id,
        l1_0.due_date,
        l1_0.fine_amount,
        l1_0.loan_date,
        l1_0.member_id,
        l1_0.overdue_days,
        l1_0.return_date,
        l1_0.status 
    from
        tbl_loan l1_0 
    where
        l1_0.loan_id=?
2026-04-29 12:20:36.766 [http-nio-8080-exec-2] DEBUG [e871d3ed] [PATCH] [/api/v1/loans/2/extend] [127.0.0.1] o.s.w.s.m.m.a.ExceptionHandlerExceptionResolver - Using @ExceptionHandler com.ohgiraffers.stability.section01.exception.handler.GlobalExceptionHandler#handleIllegalArgumentException(IllegalArgumentException, HttpServletRequest)
2026-04-29 12:20:36.766 [http-nio-8080-exec-2] WARN  [e871d3ed] [PATCH] [/api/v1/loans/2/extend] [127.0.0.1] c.o.s.s.e.h.GlobalExceptionHandler - [s1][GlobalExceptionHandler] 잘못된 인수: 연장 일수는 1일 이상 14일 이하여야 합니다: 30
2026-04-29 12:20:36.767 [http-nio-8080-exec-2] DEBUG [e871d3ed] [PATCH] [/api/v1/loans/2/extend] [127.0.0.1] o.s.w.s.m.m.a.HttpEntityMethodProcessor - Using 'application/json', given [application/json] and supported [application/json, application/*+json]
2026-04-29 12:20:36.767 [http-nio-8080-exec-2] DEBUG [e871d3ed] [PATCH] [/api/v1/loans/2/extend] [127.0.0.1] o.s.w.s.m.m.a.HttpEntityMethodProcessor - Writing [ErrorResponse{errorCode='INVALID_ARGUMENT', message='연장 일수는 1일 이상 14일 이하여야 합니다: 30', timestamp=2026- (truncated)...]
2026-04-29 12:20:36.767 [http-nio-8080-exec-2] WARN  [e871d3ed] [PATCH] [/api/v1/loans/2/extend] [127.0.0.1] o.s.w.s.m.m.a.ExceptionHandlerExceptionResolver - Resolved [java.lang.IllegalArgumentException: 연장 일수는 1일 이상 14일 이하여야 합니다: 30]
2026-04-29 12:20:36.767 [http-nio-8080-exec-2] DEBUG [e871d3ed] [PATCH] [/api/v1/loans/2/extend] [127.0.0.1] o.s.web.servlet.DispatcherServlet - Completed 400 BAD_REQUEST
2026-04-29 12:20:36.838 [http-nio-8080-exec-3] DEBUG [e9194ba1] [GET] [/api/v1/loans/member/1] [127.0.0.1] o.s.web.servlet.DispatcherServlet - GET "/api/v1/loans/member/1", parameters={}
2026-04-29 12:20:36.838 [http-nio-8080-exec-3] DEBUG [e9194ba1] [GET] [/api/v1/loans/member/1] [127.0.0.1] o.s.w.s.m.m.a.RequestMappingHandlerMapping - Mapped to com.ohgiraffers.stability.section02.logging.controller.LoanController#getLoansByMember(Long)
2026-04-29 12:20:36.838 [http-nio-8080-exec-3] INFO  [e9194ba1] [GET] [/api/v1/loans/member/1] [127.0.0.1] c.o.s.s.l.controller.LoanController - [s2][LoanController] 회원별 대출 목록 조회 요청 - 회원 ID: 1
2026-04-29 12:20:36.839 [http-nio-8080-exec-3] DEBUG [e9194ba1] [GET] [/api/v1/loans/member/1] [127.0.0.1] org.hibernate.SQL - 
    select
        m1_0.member_id,
        m1_0.active,
        m1_0.email,
        m1_0.join_date,
        m1_0.member_name,
        m1_0.phone 
    from
        tbl_member m1_0 
    where
        m1_0.member_id=?
2026-04-29 12:20:36.842 [http-nio-8080-exec-3] DEBUG [e9194ba1] [GET] [/api/v1/loans/member/1] [127.0.0.1] org.hibernate.SQL - 
    select
        l1_0.loan_id,
        l1_0.book_id,
        l1_0.due_date,
        l1_0.fine_amount,
        l1_0.loan_date,
        l1_0.member_id,
        l1_0.overdue_days,
        l1_0.return_date,
        l1_0.status 
    from
        tbl_loan l1_0 
    where
        l1_0.member_id=?
2026-04-29 12:20:36.843 [http-nio-8080-exec-3] DEBUG [e9194ba1] [GET] [/api/v1/loans/member/1] [127.0.0.1] org.hibernate.SQL - 
    select
        b1_0.book_id,
        b1_0.author,
        b1_0.available,
        b1_0.isbn,
        b1_0.publish_date,
        b1_0.publisher,
        b1_0.stock_quantity,
        b1_0.title 
    from
        tbl_book b1_0 
    where
        b1_0.book_id=?
2026-04-29 12:20:36.844 [http-nio-8080-exec-3] DEBUG [e9194ba1] [GET] [/api/v1/loans/member/1] [127.0.0.1] org.hibernate.SQL - 
    select
        b1_0.book_id,
        b1_0.author,
        b1_0.available,
        b1_0.isbn,
        b1_0.publish_date,
        b1_0.publisher,
        b1_0.stock_quantity,
        b1_0.title 
    from
        tbl_book b1_0 
    where
        b1_0.book_id=?
2026-04-29 12:20:36.844 [http-nio-8080-exec-3] INFO  [e9194ba1] [GET] [/api/v1/loans/member/1] [127.0.0.1] c.o.s.s.l.controller.LoanController - [s2][LoanController] 회원별 대출 목록 조회 완료 - 회원 ID: 1, 대출 수: 2건
2026-04-29 12:20:36.845 [http-nio-8080-exec-3] DEBUG [e9194ba1] [GET] [/api/v1/loans/member/1] [127.0.0.1] o.s.w.s.m.m.a.HttpEntityMethodProcessor - Using 'application/json', given [application/json] and supported [application/json, application/*+json]
2026-04-29 12:20:36.845 [http-nio-8080-exec-3] DEBUG [e9194ba1] [GET] [/api/v1/loans/member/1] [127.0.0.1] o.s.w.s.m.m.a.HttpEntityMethodProcessor - Writing [[LoanDTO{loanId=1, memberId=1, memberName='김도서', bookId=1, bookTitle='Spring Boot 완벽 가이드', bookIsbn= (truncated)...]
2026-04-29 12:20:36.845 [http-nio-8080-exec-3] DEBUG [e9194ba1] [GET] [/api/v1/loans/member/1] [127.0.0.1] o.s.web.servlet.DispatcherServlet - Completed 200 OK
2026-04-29 12:20:36.897 [http-nio-8080-exec-4] DEBUG [0515a35b] [GET] [/api/v1/loans/status] [127.0.0.1] o.s.web.servlet.DispatcherServlet - GET "/api/v1/loans/status", parameters={}
2026-04-29 12:20:36.897 [http-nio-8080-exec-4] DEBUG [0515a35b] [GET] [/api/v1/loans/status] [127.0.0.1] o.s.w.s.m.m.a.RequestMappingHandlerMapping - Mapped to com.ohgiraffers.stability.section02.logging.controller.LoanController#getSystemStatus()
2026-04-29 12:20:36.897 [http-nio-8080-exec-4] INFO  [0515a35b] [GET] [/api/v1/loans/status] [127.0.0.1] c.o.s.s.l.controller.LoanController - [s2][LoanController] 대출 시스템 상태 확인 요청
2026-04-29 12:20:36.897 [http-nio-8080-exec-4] INFO  [0515a35b] [GET] [/api/v1/loans/status] [127.0.0.1] c.o.s.s.l.controller.LoanController - [s2][LoanController] 대출 시스템 상태 확인 완료 - 상태: HEALTHY
2026-04-29 12:20:36.899 [http-nio-8080-exec-4] DEBUG [0515a35b] [GET] [/api/v1/loans/status] [127.0.0.1] o.s.w.s.m.m.a.HttpEntityMethodProcessor - Using 'application/json', given [application/json] and supported [application/json, application/*+json]
2026-04-29 12:20:36.899 [http-nio-8080-exec-4] DEBUG [0515a35b] [GET] [/api/v1/loans/status] [127.0.0.1] o.s.w.s.m.m.a.HttpEntityMethodProcessor - Writing [{status=HEALTHY, message=대출 시스템이 정상적으로 동작 중입니다., timestamp=2026-04-29T12:20:36.897725300}]
2026-04-29 12:20:36.900 [http-nio-8080-exec-4] DEBUG [0515a35b] [GET] [/api/v1/loans/status] [127.0.0.1] o.s.web.servlet.DispatcherServlet - Completed 200 OK
2026-04-29 14:32:04.683 [HikariPool-3 housekeeper] WARN  [] [] [] [] com.zaxxer.hikari.pool.HikariPool - HikariPool-3 - Thread starvation or clock leap detected (housekeeper delta=1h8m21s314ms127µs300ns).
